policy_no,family_id,start_date,current_expiry_date,premium_paid,client_tenure_days,family_type,status
00000001,FAM000047,2018-01-01,2019-01-01,1791.36,0,single_person,active
00000002,FAM000154,2018-01-01,2019-01-01,1567.63,0,single_person,cancelled
00000003,FAM000630,2018-01-01,2019-01-01,2693.02,0,single_person,active
00000004,FAM000772,2018-01-01,2019-01-01,2395.44,0,single_person,active
00000005,FAM000254,2018-01-02,2019-01-02,1894.08,0,single_person,active
00000006,FAM000108,2018-01-03,2019-01-03,1513.51,0,single_person,active
00000007,FAM000681,2018-01-03,2019-01-03,2037.49,0,single_person,active
00000008,FAM001081,2018-01-03,2019-01-03,2308.49,0,single_person,active
00000009,FAM000230,2018-01-04,2019-01-04,1872.44,0,single_person,active
00000010,FAM000617,2018-01-04,2019-01-04,2624.71,0,single_person,active
00000011,FAM000827,2018-01-04,2019-01-04,2087.57,0,single_person,active
00000012,FAM000665,2018-01-05,2019-01-05,2196.7,0,single_person,active
00000013,FAM000716,2018-01-05,2019-01-05,1647.23,0,single_person,active
00000014,FAM000623,2018-01-06,2019-01-06,1284.67,0,single_person,cancelled
00000015,FAM000719,2018-01-06,2019-01-06,1891.71,0,single_person,active
00000016,FAM000106,2018-01-07,2019-01-07,2341.65,0,single_person,active
00000017,FAM000578,2018-01-07,2019-01-07,1428.38,0,single_person,active
00000018,FAM000682,2018-01-07,2019-01-07,2056.13,0,single_person,active
00000019,FAM000960,2018-01-07,2019-01-07,1012.87,0,single_person,cancelled
00000020,FAM000066,2018-01-08,2019-01-08,1392.06,0,single_person,active
00000021,FAM000413,2018-01-08,2019-01-08,1264.56,0,single_person,cancelled
00000022,FAM000569,2018-01-08,2019-01-08,1751.04,0,single_person,active
00000023,FAM000944,2018-01-08,2019-01-08,2206.33,0,single_person,active
00000024,FAM000070,2018-01-09,2019-01-09,1822.13,0,single_person,active
00000025,FAM000435,2018-01-09,2019-01-09,2309.79,0,single_person,active
00000026,FAM000848,2018-01-09,2019-01-09,1688.27,0,single_person,cancelled
00000027,FAM000879,2018-01-09,2019-01-09,1504.36,0,single_person,cancelled
00000028,FAM000337,2018-01-10,2019-01-10,1578.7,0,single_person,active
00000029,FAM000387,2018-01-10,2019-01-10,1729.92,0,single_person,cancelled
00000030,FAM000639,2018-01-10,2019-01-10,1709.01,0,single_person,active
00000031,FAM000958,2018-01-11,2019-01-11,2831.18,0,single_person,active
00000032,FAM001041,2018-01-11,2019-01-11,1810.56,0,single_person,cancelled
00000033,FAM000250,2018-01-12,2019-01-12,1846.04,0,single_person,active
00000034,FAM000465,2018-01-12,2019-01-12,1552.83,0,single_person,active
00000035,FAM000693,2018-01-12,2019-01-12,2322.5,0,single_person,active
00000036,FAM000868,2018-01-12,2019-01-12,1573.47,0,single_person,cancelled
00000037,FAM000877,2018-01-12,2019-01-12,2104.18,0,single_person,cancelled
00000038,FAM001065,2018-01-12,2019-01-12,1658.37,0,single_person,cancelled
00000039,FAM000537,2018-01-13,2019-01-13,1291.76,0,single_person,active
00000040,FAM000050,2018-01-14,2019-01-14,1977.91,0,single_person,active
00000041,FAM000222,2018-01-14,2019-01-14,1691.53,0,single_person,active
00000042,FAM000485,2018-01-14,2019-01-14,1383.02,0,single_person,cancelled
00000043,FAM000832,2018-01-14,2019-01-14,2008.71,0,single_person,active
00000044,FAM000089,2018-01-15,2019-01-15,1679.73,0,single_person,cancelled
00000045,FAM000309,2018-01-15,2019-01-15,1585.47,0,single_person,cancelled
00000046,FAM000051,2018-01-16,2019-01-16,1546.65,0,single_person,cancelled
00000047,FAM000317,2018-01-16,2019-01-16,2381.48,0,single_person,cancelled
00000048,FAM000368,2018-01-16,2019-01-16,1982.32,0,single_person,active
00000049,FAM000076,2018-01-17,2019-01-17,1222.39,0,single_person,cancelled
00000050,FAM000197,2018-01-17,2019-01-17,1276.0,0,single_person,active
00000051,FAM000298,2018-01-17,2019-01-17,2029.62,0,single_person,active
00000052,FAM000530,2018-01-17,2019-01-17,1609.72,0,single_person,active
00000053,FAM000711,2018-01-17,2019-01-17,1776.52,0,single_person,active
00000054,FAM000756,2018-01-17,2019-01-17,1609.42,0,single_person,active
00000055,FAM000527,2018-01-18,2019-01-18,1627.73,0,single_person,cancelled
00000056,FAM000618,2018-01-18,2019-01-18,1862.71,0,single_person,active
00000057,FAM000899,2018-01-18,2019-01-18,1911.06,0,single_person,cancelled
00000058,FAM000008,2018-01-19,2019-01-19,2045.47,0,single_person,active
00000059,FAM000016,2018-01-19,2019-01-19,1317.1,0,single_person,cancelled
00000060,FAM000306,2018-01-19,2019-01-19,1877.88,0,single_person,active
00000061,FAM000116,2018-01-20,2019-01-20,1085.06,0,single_person,cancelled
00000062,FAM000939,2018-01-20,2019-01-20,1788.95,0,single_person,active
00000063,FAM000990,2018-01-20,2019-01-20,1987.59,0,single_person,active
00000064,FAM000041,2018-01-21,2019-01-21,2274.26,0,single_person,active
00000065,FAM000588,2018-01-21,2019-01-21,1906.72,0,single_person,active
00000066,FAM000646,2018-01-21,2019-01-21,2774.68,0,single_person,active
00000067,FAM000948,2018-01-21,2019-01-21,1056.27,0,single_person,cancelled
00000068,FAM000374,2018-01-22,2019-01-22,2017.8,0,single_person,active
00000069,FAM000657,2018-01-22,2019-01-22,1231.84,0,single_person,cancelled
00000070,FAM000798,2018-01-22,2019-01-22,1279.1,0,single_person,cancelled
00000071,FAM000326,2018-01-23,2019-01-23,1722.26,0,single_person,cancelled
00000072,FAM000647,2018-01-23,2019-01-23,2253.44,0,single_person,active
00000073,FAM000974,2018-01-23,2019-01-23,2125.66,0,single_person,active
00000074,FAM001042,2018-01-23,2019-01-23,968.81,0,single_person,cancelled
00000075,FAM000371,2018-01-25,2019-01-25,2759.1,0,single_person,active
00000076,FAM001088,2018-01-25,2019-01-25,2016.09,0,single_person,active
00000077,FAM000842,2018-01-26,2019-01-26,1554.36,0,single_person,cancelled
00000078,FAM000930,2018-01-26,2019-01-26,1636.04,0,single_person,cancelled
00000079,FAM001040,2018-01-26,2019-01-26,1922.18,0,single_person,active
00000080,FAM000063,2018-01-27,2019-01-27,1363.79,0,single_person,cancelled
00000081,FAM000860,2018-01-27,2019-01-27,1269.93,0,single_person,cancelled
00000082,FAM000350,2018-01-28,2019-01-28,2269.16,0,single_person,active
00000083,FAM000433,2018-01-28,2019-01-28,2642.19,0,single_person,active
00000084,FAM000619,2018-01-28,2019-01-28,1066.24,0,single_person,cancelled
00000085,FAM000851,2018-01-28,2019-01-28,1837.16,0,single_person,cancelled
00000086,FAM001009,2018-01-28,2019-01-28,2001.25,0,single_person,active
00000087,FAM000483,2018-01-29,2019-01-29,1413.55,0,single_person,cancelled
00000088,FAM000599,2018-01-29,2019-01-29,2989.25,0,single_person,active
00000089,FAM000355,2018-01-30,2019-01-30,2023.25,0,single_person,active
00000090,FAM000480,2018-01-30,2019-01-30,1510.83,0,single_person,cancelled
00000091,FAM000044,2018-01-31,2019-01-31,1565.03,0,single_person,cancelled
00000092,FAM000082,2018-01-31,2019-01-31,1887.65,0,single_person,active
00000093,FAM000695,2018-01-31,2019-01-31,3039.1,0,single_person,active
00000094,FAM000870,2018-01-31,2019-01-31,1407.81,0,single_person,cancelled
00000095,FAM000882,2018-01-31,2019-01-31,1430.51,0,single_person,active
00000096,FAM000885,2018-01-31,2019-01-31,2067.89,0,single_person,active
00000097,FAM000329,2018-02-01,2019-02-01,1419.52,0,single_person,active
00000098,FAM000389,2018-02-01,2019-02-01,1557.02,0,single_person,cancelled
00000099,FAM000685,2018-02-01,2019-02-01,2118.46,0,single_person,cancelled
00000100,FAM001028,2018-02-01,2019-02-01,1642.65,0,single_person,active
00000101,FAM001033,2018-02-01,2019-02-01,1972.74,0,single_person,active
00000102,FAM000472,2018-02-02,2019-02-02,2112.17,0,single_person,active
00000103,FAM000487,2018-02-03,2019-02-03,1770.18,0,single_person,cancelled
00000104,FAM000836,2018-02-03,2019-02-03,1940.16,0,single_person,active
00000105,FAM000038,2018-02-04,2019-02-04,2525.68,0,single_person,active
00000106,FAM000223,2018-02-04,2019-02-04,1367.41,0,single_person,active
00000107,FAM000697,2018-02-04,2019-02-04,1626.05,0,single_person,active
00000108,FAM000043,2018-02-05,2019-02-05,929.36,0,single_person,cancelled
00000109,FAM000519,2018-02-06,2019-02-06,2195.51,0,single_person,cancelled
00000110,FAM000675,2018-02-06,2019-02-06,1941.77,0,single_person,cancelled
00000111,FAM000725,2018-02-06,2019-02-06,1921.31,0,single_person,active
00000112,FAM000923,2018-02-06,2019-02-06,1778.34,0,single_person,active
00000113,FAM001070,2018-02-06,2019-02-06,1409.72,0,single_person,active
00000114,FAM001077,2018-02-06,2019-02-06,2186.31,0,single_person,cancelled
00000115,FAM000363,2018-02-07,2019-02-07,1927.11,0,single_person,active
00000116,FAM000388,2018-02-07,2019-02-07,1590.62,0,single_person,cancelled
00000117,FAM001098,2018-02-07,2019-02-07,1072.91,0,single_person,cancelled
00000118,FAM000092,2018-02-08,2019-02-08,1300.92,0,single_person,active
00000119,FAM000118,2018-02-08,2019-02-08,1249.68,0,single_person,active
00000120,FAM000133,2018-02-08,2019-02-08,1472.55,0,single_person,active
00000121,FAM000426,2018-02-08,2019-02-08,1437.03,0,single_person,active
00000122,FAM000715,2018-02-08,2019-02-08,1567.73,0,single_person,cancelled
00000123,FAM001075,2018-02-08,2019-02-08,1340.12,0,single_person,active
00000124,FAM000015,2018-02-09,2019-02-09,1180.95,0,single_person,cancelled
00000125,FAM000178,2018-02-09,2019-02-09,2624.49,0,single_person,active
00000126,FAM000233,2018-02-09,2019-02-09,1986.96,0,single_person,active
00000127,FAM000611,2018-02-09,2019-02-09,1964.35,0,single_person,cancelled
00000128,FAM000900,2018-02-09,2019-02-09,1530.88,0,single_person,active
00000129,FAM000937,2018-02-09,2019-02-09,2272.98,0,single_person,cancelled
00000130,FAM000073,2018-02-10,2019-02-10,2060.85,0,single_person,active
00000131,FAM000789,2018-02-11,2019-02-11,1269.34,0,single_person,cancelled
00000132,FAM000980,2018-02-11,2019-02-11,1634.33,0,single_person,cancelled
00000133,FAM001032,2018-02-11,2019-02-11,1441.32,0,single_person,active
00000134,FAM000056,2018-02-12,2019-02-12,2111.32,0,single_person,active
00000135,FAM000587,2018-02-12,2019-02-12,2345.93,0,single_person,cancelled
00000136,FAM000820,2018-02-12,2019-02-12,1791.22,0,single_person,active
00000137,FAM000175,2018-02-13,2019-02-13,1372.8,0,single_person,cancelled
00000138,FAM000185,2018-02-13,2019-02-13,1260.44,0,single_person,cancelled
00000139,FAM000511,2018-02-13,2019-02-13,1978.46,0,single_person,active
00000140,FAM000736,2018-02-13,2019-02-13,2128.12,0,single_person,cancelled
00000141,FAM000228,2018-02-14,2019-02-14,1473.37,0,single_person,cancelled
00000142,FAM000512,2018-02-14,2019-02-14,2730.11,0,single_person,active
00000143,FAM000615,2018-02-14,2019-02-14,1267.37,0,single_person,cancelled
00000144,FAM000824,2018-02-14,2019-02-14,1379.31,0,single_person,active
00000145,FAM000856,2018-02-14,2019-02-14,1863.61,0,single_person,active
00000146,FAM001058,2018-02-14,2019-02-14,1021.07,0,single_person,cancelled
00000147,FAM000174,2018-02-15,2019-02-15,1328.5,0,single_person,cancelled
00000148,FAM000348,2018-02-15,2019-02-15,1591.25,0,single_person,active
00000149,FAM000423,2018-02-15,2019-02-15,1538.91,0,single_person,cancelled
00000150,FAM000481,2018-02-15,2019-02-15,1877.5,0,single_person,active
00000151,FAM000932,2018-02-15,2019-02-15,2008.74,0,single_person,active
00000152,FAM000049,2018-02-17,2019-02-17,2212.29,0,single_person,active
00000153,FAM000400,2018-02-17,2019-02-17,953.7,0,single_person,cancelled
00000154,FAM000593,2018-02-17,2019-02-17,1567.08,0,single_person,active
00000155,FAM000962,2018-02-17,2019-02-17,2747.5,0,single_person,active
00000156,FAM000334,2018-02-18,2019-02-18,1781.88,0,single_person,active
00000157,FAM000495,2018-02-18,2019-02-18,2056.12,0,single_person,active
00000158,FAM000544,2018-02-18,2019-02-18,1703.92,0,single_person,active
00000159,FAM000289,2018-02-19,2019-02-19,2507.83,0,single_person,active
00000160,FAM000396,2018-02-19,2019-02-19,2287.12,0,single_person,active
00000161,FAM000744,2018-02-19,2019-02-19,1592.14,0,single_person,cancelled
00000162,FAM000035,2018-02-20,2019-02-20,2230.63,0,single_person,active
00000163,FAM000061,2018-02-20,2019-02-20,1667.74,0,single_person,cancelled
00000164,FAM000120,2018-02-20,2019-02-20,1748.4,0,single_person,active
00000165,FAM000281,2018-02-20,2019-02-20,1348.1,0,single_person,active
00000166,FAM000474,2018-02-20,2019-02-20,2339.46,0,single_person,active
00000167,FAM001019,2018-02-20,2019-02-20,1619.7,0,single_person,cancelled
00000168,FAM000098,2018-02-21,2019-02-21,1909.09,0,single_person,active
00000169,FAM000119,2018-02-21,2019-02-21,1547.61,0,single_person,active
00000170,FAM000434,2018-02-21,2019-02-21,1575.79,0,single_person,cancelled
00000171,FAM000941,2018-02-21,2019-02-21,2473.98,0,single_person,active
00000172,FAM001085,2018-02-21,2019-02-21,2087.05,0,single_person,active
00000173,FAM000055,2018-02-22,2019-02-22,2739.42,0,single_person,active
00000174,FAM000156,2018-02-22,2019-02-22,1974.65,0,single_person,active
00000175,FAM000441,2018-02-22,2019-02-22,1781.99,0,single_person,cancelled
00000176,FAM000648,2018-02-22,2019-02-22,1373.19,0,single_person,active
00000177,FAM000473,2018-02-23,2019-02-23,2030.08,0,single_person,active
00000178,FAM000667,2018-02-23,2019-02-23,1439.0,0,single_person,cancelled
00000179,FAM000724,2018-02-23,2019-02-23,1933.66,0,single_person,active
00000180,FAM000883,2018-02-23,2019-02-23,1336.37,0,single_person,active
00000181,FAM000933,2018-02-23,2019-02-23,1583.98,0,single_person,cancelled
00000182,FAM001102,2018-02-23,2019-02-23,1325.03,0,single_person,active
00000183,FAM000173,2018-02-24,2019-02-24,1496.53,0,single_person,cancelled
00000184,FAM000367,2018-02-25,2019-02-25,2524.88,0,single_person,active
00000185,FAM000386,2018-02-25,2019-02-25,1645.15,0,single_person,active
00000186,FAM001099,2018-02-25,2019-02-25,936.31,0,single_person,cancelled
00000187,FAM000604,2018-02-26,2019-02-26,1694.65,0,single_person,active
00000188,FAM000660,2018-02-26,2019-02-26,2580.92,0,single_person,cancelled
00000189,FAM000749,2018-02-26,2019-02-26,1587.2,0,single_person,cancelled
00000190,FAM000144,2018-02-27,2019-02-27,1916.61,0,single_person,active
00000191,FAM000497,2018-02-27,2019-02-27,2296.75,0,single_person,active
00000192,FAM000501,2018-02-28,2019-02-28,2444.89,0,single_person,active
00000193,FAM000191,2018-03-01,2019-03-01,1678.28,0,single_person,cancelled
00000194,FAM000573,2018-03-01,2019-03-01,1814.17,0,single_person,active
00000195,FAM000982,2018-03-01,2019-03-01,1422.69,0,single_person,active
00000196,FAM000998,2018-03-01,2019-03-01,1436.3,0,single_person,active
00000197,FAM000011,2018-03-02,2019-03-02,1778.47,0,single_person,active
00000198,FAM000727,2018-03-02,2019-03-02,905.77,0,single_person,cancelled
00000199,FAM001003,2018-03-02,2019-03-02,1533.08,0,single_person,active
00000200,FAM000606,2018-03-03,2019-03-03,1485.86,0,single_person,active
00000201,FAM000009,2018-03-04,2019-03-04,1285.75,0,single_person,active
00000202,FAM000147,2018-03-04,2019-03-04,1352.97,0,single_person,active
00000203,FAM000412,2018-03-04,2019-03-04,966.66,0,single_person,cancelled
00000204,FAM000706,2018-03-04,2019-03-04,1550.97,0,single_person,active
00000205,FAM000707,2018-03-04,2019-03-04,1123.79,0,single_person,cancelled
00000206,FAM000029,2018-03-05,2019-03-05,1922.75,0,single_person,active
00000207,FAM000286,2018-03-05,2019-03-05,1321.33,0,single_person,cancelled
00000208,FAM000539,2018-03-05,2019-03-05,1504.7,0,single_person,cancelled
00000209,FAM000546,2018-03-05,2019-03-05,1492.05,0,single_person,active
00000210,FAM000975,2018-03-05,2019-03-05,2434.45,0,single_person,active
00000211,FAM001061,2018-03-05,2019-03-05,1678.64,0,single_person,active
00000212,FAM001089,2018-03-05,2019-03-05,1211.28,0,single_person,cancelled
00000213,FAM000471,2018-03-06,2019-03-06,2674.38,0,single_person,active
00000214,FAM000620,2018-03-06,2019-03-06,1544.28,0,single_person,active
00000215,FAM000645,2018-03-06,2019-03-06,1688.22,0,single_person,active
00000216,FAM000808,2018-03-06,2019-03-06,2313.01,0,single_person,cancelled
00000217,FAM001055,2018-03-06,2019-03-06,1805.33,0,single_person,active
00000218,FAM000489,2018-03-07,2019-03-07,1460.97,0,single_person,active
00000219,FAM000285,2018-03-08,2019-03-08,2157.21,0,single_person,active
00000220,FAM000290,2018-03-08,2019-03-08,2075.69,0,single_person,active
00000221,FAM000687,2018-03-08,2019-03-08,1490.0,0,single_person,active
00000222,FAM000743,2018-03-08,2019-03-08,1735.63,0,single_person,active
00000223,FAM000136,2018-03-09,2019-03-09,1518.44,0,single_person,active
00000224,FAM000293,2018-03-09,2019-03-09,1701.41,0,single_person,active
00000225,FAM000339,2018-03-09,2019-03-09,2747.87,0,single_person,active
00000226,FAM000534,2018-03-09,2019-03-09,1433.93,0,single_person,cancelled
00000227,FAM000852,2018-03-10,2019-03-10,1664.15,0,single_person,cancelled
00000228,FAM000150,2018-03-11,2019-03-11,1794.16,0,single_person,active
00000229,FAM000448,2018-03-11,2019-03-11,1563.0,0,single_person,active
00000230,FAM000913,2018-03-11,2019-03-11,1832.11,0,single_person,active
00000231,FAM000058,2018-03-12,2019-03-12,2770.59,0,single_person,active
00000232,FAM000236,2018-03-12,2019-03-12,1922.82,0,single_person,active
00000233,FAM000402,2018-03-12,2019-03-12,1907.95,0,single_person,active
00000234,FAM000516,2018-03-12,2019-03-12,2164.9,0,single_person,active
00000235,FAM000999,2018-03-12,2019-03-12,1575.84,0,single_person,cancelled
00000236,FAM000303,2018-03-13,2019-03-13,1976.61,0,single_person,active
00000237,FAM000117,2018-03-14,2019-03-14,1574.9,0,single_person,active
00000238,FAM000469,2018-03-14,2019-03-14,1628.82,0,single_person,active
00000239,FAM000813,2018-03-14,2019-03-14,1524.55,0,single_person,active
00000240,FAM000028,2018-03-15,2019-03-15,1031.98,0,single_person,cancelled
00000241,FAM000538,2018-03-15,2019-03-15,1342.41,0,single_person,cancelled
00000242,FAM000768,2018-03-15,2019-03-15,1237.09,0,single_person,cancelled
00000243,FAM000896,2018-03-15,2019-03-15,2049.68,0,single_person,active
00000244,FAM000201,2018-03-16,2019-03-16,2183.78,0,single_person,active
00000245,FAM000878,2018-03-16,2019-03-16,2351.56,0,single_person,cancelled
00000246,FAM000829,2018-03-17,2019-03-17,2200.31,0,single_person,cancelled
00000247,FAM000245,2018-03-18,2019-03-18,2327.28,0,single_person,active
00000248,FAM000345,2018-03-18,2019-03-18,1459.79,0,single_person,active
00000249,FAM000643,2018-03-18,2019-03-18,1329.81,0,single_person,cancelled
00000250,FAM000757,2018-03-18,2019-03-18,2130.28,0,single_person,active
00000251,FAM000780,2018-03-18,2019-03-18,1568.37,0,single_person,active
00000252,FAM000819,2018-03-18,2019-03-18,1488.8,0,single_person,active
00000253,FAM000264,2018-03-19,2019-03-19,1537.75,0,single_person,active
00000254,FAM000847,2018-03-19,2019-03-19,2036.85,0,single_person,cancelled
00000255,FAM000057,2018-03-20,2019-03-20,1632.72,0,single_person,active
00000256,FAM000381,2018-03-20,2019-03-20,1525.2,0,single_person,cancelled
00000257,FAM000585,2018-03-20,2019-03-20,2360.26,0,single_person,active
00000258,FAM001091,2018-03-20,2019-03-20,1573.91,0,single_person,cancelled
00000259,FAM000436,2018-03-21,2019-03-21,1780.66,0,single_person,active
00000260,FAM000850,2018-03-21,2019-03-21,1432.82,0,single_person,active
00000261,FAM000557,2018-03-22,2019-03-22,1490.25,0,single_person,cancelled
00000262,FAM000742,2018-03-22,2019-03-22,2552.64,0,single_person,active
00000263,FAM000775,2018-03-23,2019-03-23,1409.47,0,single_person,active
00000264,FAM001020,2018-03-23,2019-03-23,1915.79,0,single_person,active
00000265,FAM000160,2018-03-24,2019-03-24,1639.52,0,single_person,cancelled
00000266,FAM000243,2018-03-24,2019-03-24,1599.19,0,single_person,cancelled
00000267,FAM000428,2018-03-24,2019-03-24,1865.89,0,single_person,cancelled
00000268,FAM000751,2018-03-24,2019-03-24,1748.79,0,single_person,active
00000269,FAM000450,2018-03-25,2019-03-25,1175.46,0,single_person,cancelled
00000270,FAM000486,2018-03-25,2019-03-25,1763.6,0,single_person,cancelled
00000271,FAM000104,2018-03-26,2019-03-26,3122.37,0,single_person,active
00000272,FAM000132,2018-03-26,2019-03-26,1635.41,0,single_person,active
00000273,FAM000208,2018-03-26,2019-03-26,1590.66,0,single_person,active
00000274,FAM000336,2018-03-26,2019-03-26,1577.96,0,single_person,cancelled
00000275,FAM000584,2018-03-26,2019-03-26,1769.47,0,single_person,cancelled
00000276,FAM000325,2018-03-27,2019-03-27,1897.37,0,single_person,active
00000277,FAM000774,2018-03-27,2019-03-27,2173.89,0,single_person,cancelled
00000278,FAM000562,2018-03-28,2019-03-28,1355.48,0,single_person,active
00000279,FAM000694,2018-03-28,2019-03-28,2613.37,0,single_person,active
00000280,FAM000714,2018-03-28,2019-03-28,1943.19,0,single_person,active
00000281,FAM001054,2018-03-28,2019-03-28,2199.22,0,single_person,active
00000282,FAM000121,2018-03-29,2019-03-29,1260.78,0,single_person,active
00000283,FAM000415,2018-03-29,2019-03-29,1690.08,0,single_person,cancelled
00000284,FAM000629,2018-03-29,2019-03-29,2056.59,0,single_person,active
00000285,FAM000811,2018-03-29,2019-03-29,1316.37,0,single_person,cancelled
00000286,FAM000973,2018-03-29,2019-03-29,2003.18,0,single_person,active
00000287,FAM000981,2018-03-29,2019-03-29,1424.84,0,single_person,active
00000288,FAM001056,2018-03-29,2019-03-29,1926.98,0,single_person,active
00000289,FAM001093,2018-03-29,2019-03-29,1996.58,0,single_person,active
00000290,FAM000804,2018-03-30,2019-03-30,1655.93,0,single_person,active
00000291,FAM000137,2018-03-31,2019-03-31,2570.18,0,single_person,active
00000292,FAM000664,2018-03-31,2019-03-31,1713.62,0,single_person,active
00000293,FAM000919,2018-03-31,2019-03-31,1032.26,0,single_person,cancelled
00000294,FAM001007,2018-03-31,2019-03-31,1566.06,0,single_person,active
00000295,FAM000268,2018-04-01,2019-04-01,1697.02,0,single_person,active
00000296,FAM000424,2018-04-01,2019-04-01,1861.23,0,single_person,active
00000297,FAM000284,2018-04-02,2019-04-02,1905.5,0,single_person,active
00000298,FAM000831,2018-04-02,2019-04-02,1281.2,0,single_person,active
00000299,FAM000943,2018-04-02,2019-04-02,1417.17,0,single_person,cancelled
00000300,FAM000421,2018-04-03,2019-04-03,1859.52,0,single_person,active
00000301,FAM000708,2018-04-03,2019-04-03,2742.62,0,single_person,active
00000302,FAM000887,2018-04-03,2019-04-03,1607.29,0,single_person,active
00000303,FAM000064,2018-04-04,2019-04-04,2162.3,0,single_person,active
00000304,FAM000484,2018-04-04,2019-04-04,1494.89,0,single_person,active
00000305,FAM000739,2018-04-04,2019-04-04,1770.46,0,single_person,active
00000306,FAM000942,2018-04-04,2019-04-04,1817.6,0,single_person,cancelled
00000307,FAM000039,2018-04-05,2019-04-05,1853.22,0,single_person,cancelled
00000308,FAM000321,2018-04-05,2019-04-05,1701.48,0,single_person,active
00000309,FAM000822,2018-04-05,2019-04-05,2056.82,0,single_person,active
00000310,FAM000921,2018-04-05,2019-04-05,1705.78,0,single_person,active
00000311,FAM001012,2018-04-05,2019-04-05,1517.94,0,single_person,cancelled
00000312,FAM000077,2018-04-06,2019-04-06,2237.62,0,single_person,cancelled
00000313,FAM000279,2018-04-06,2019-04-06,1538.74,0,single_person,cancelled
00000314,FAM000369,2018-04-06,2019-04-06,1544.91,0,single_person,active
00000315,FAM000514,2018-04-06,2019-04-06,1294.5,0,single_person,cancelled
00000316,FAM000352,2018-04-08,2019-04-08,1443.86,0,single_person,cancelled
00000317,FAM000926,2018-04-08,2019-04-08,1647.19,0,single_person,active
00000318,FAM000287,2018-04-09,2019-04-09,1256.21,0,single_person,cancelled
00000319,FAM000308,2018-04-09,2019-04-09,1926.67,0,single_person,cancelled
00000320,FAM000462,2018-04-09,2019-04-09,2352.71,0,single_person,active
00000321,FAM000745,2018-04-09,2019-04-09,1558.64,0,single_person,cancelled
00000322,FAM000769,2018-04-09,2019-04-09,1992.63,0,single_person,cancelled
00000323,FAM000801,2018-04-09,2019-04-09,1083.36,0,single_person,cancelled
00000324,FAM000020,2018-04-10,2019-04-10,1392.26,0,single_person,cancelled
00000325,FAM000547,2018-04-10,2019-04-10,1279.66,0,single_person,cancelled
00000326,FAM000731,2018-04-10,2019-04-10,2762.9,0,single_person,cancelled
00000327,FAM000773,2018-04-10,2019-04-10,1618.66,0,single_person,active
00000328,FAM000093,2018-04-11,2019-04-11,1310.4,0,single_person,active
00000329,FAM000459,2018-04-12,2019-04-12,1557.76,0,single_person,active
00000330,FAM000508,2018-04-12,2019-04-12,2068.8,0,single_person,active
00000331,FAM000800,2018-04-12,2019-04-12,1889.77,0,single_person,active
00000332,FAM000988,2018-04-12,2019-04-12,1848.05,0,single_person,active
00000333,FAM001046,2018-04-12,2019-04-12,1606.13,0,single_person,active
00000334,FAM000561,2018-04-13,2019-04-13,1095.92,0,single_person,cancelled
00000335,FAM000614,2018-04-13,2019-04-13,1624.49,0,single_person,cancelled
00000336,FAM000729,2018-04-13,2019-04-13,1946.48,0,single_person,active
00000337,FAM000786,2018-04-13,2019-04-13,1619.66,0,single_person,active
00000338,FAM000461,2018-04-14,2019-04-14,1980.77,0,single_person,active
00000339,FAM000099,2018-04-15,2019-04-15,1275.02,0,single_person,cancelled
00000340,FAM000764,2018-04-15,2019-04-15,1471.92,0,single_person,active
00000341,FAM000915,2018-04-15,2019-04-15,1803.39,0,single_person,active
00000342,FAM000499,2018-04-16,2019-04-16,2176.25,0,single_person,active
00000343,FAM000732,2018-04-16,2019-04-16,1374.08,0,single_person,cancelled
00000344,FAM000843,2018-04-16,2019-04-16,3141.18,0,single_person,active
00000345,FAM000752,2018-04-17,2019-04-17,1694.72,0,single_person,active
00000346,FAM001080,2018-04-17,2019-04-17,980.34,0,single_person,cancelled
00000347,FAM000845,2018-04-18,2019-04-18,1461.5,0,single_person,active
00000348,FAM000911,2018-04-18,2019-04-18,1900.08,0,single_person,active
00000349,FAM000393,2018-04-19,2019-04-19,2563.7,0,single_person,active
00000350,FAM000809,2018-04-19,2019-04-19,987.31,0,single_person,cancelled
00000351,FAM000330,2018-04-20,2019-04-20,1343.3,0,single_person,cancelled
00000352,FAM000525,2018-04-20,2019-04-20,1925.46,0,single_person,active
00000353,FAM000621,2018-04-20,2019-04-20,1391.25,0,single_person,cancelled
00000354,FAM000046,2018-04-22,2019-04-22,2189.06,0,single_person,cancelled
00000355,FAM000187,2018-04-22,2019-04-22,1659.25,0,single_person,active
00000356,FAM000341,2018-04-22,2019-04-22,1508.81,0,single_person,cancelled
00000357,FAM000818,2018-04-22,2019-04-22,2325.38,0,single_person,active
00000358,FAM000992,2018-04-22,2019-04-22,1999.49,0,single_person,active
00000359,FAM000502,2018-04-23,2019-04-23,925.69,0,single_person,cancelled
00000360,FAM000601,2018-04-23,2019-04-23,2331.28,0,single_person,active
00000361,FAM000750,2018-04-23,2019-04-23,1666.83,0,single_person,cancelled
00000362,FAM001053,2018-04-23,2019-04-23,2213.87,0,single_person,active
00000363,FAM000045,2018-04-24,2019-04-24,1300.8,0,single_person,cancelled
00000364,FAM000139,2018-04-24,2019-04-24,2003.22,0,single_person,active
00000365,FAM000199,2018-04-24,2019-04-24,1713.57,0,single_person,cancelled
00000366,FAM000656,2018-04-24,2019-04-24,1391.51,0,single_person,active
00000367,FAM000916,2018-04-24,2019-04-24,1799.5,0,single_person,cancelled
00000368,FAM000500,2018-04-25,2019-04-25,1725.55,0,single_person,cancelled
00000369,FAM000891,2018-04-25,2019-04-25,2420.08,0,single_person,active
00000370,FAM000985,2018-04-25,2019-04-25,1617.02,0,single_person,active
00000371,FAM000318,2018-04-26,2019-04-26,1946.82,0,single_person,active
00000372,FAM000488,2018-04-26,2019-04-26,2883.7,0,single_person,active
00000373,FAM001083,2018-04-26,2019-04-26,1967.05,0,single_person,active
00000374,FAM000231,2018-04-27,2019-04-27,1593.43,0,single_person,active
00000375,FAM000332,2018-04-27,2019-04-27,2177.89,0,single_person,cancelled
00000376,FAM000356,2018-04-27,2019-04-27,2548.9,0,single_person,cancelled
00000377,FAM000946,2018-04-27,2019-04-27,2039.97,0,single_person,active
00000378,FAM000115,2018-04-28,2019-04-28,1647.74,0,single_person,active
00000379,FAM000940,2018-04-28,2019-04-28,1377.24,0,single_person,active
00000380,FAM000074,2018-04-29,2019-04-29,1835.15,0,single_person,active
00000381,FAM000283,2018-04-29,2019-04-29,1483.67,0,single_person,active
00000382,FAM000637,2018-04-29,2019-04-29,1930.88,0,single_person,cancelled
00000383,FAM000709,2018-04-29,2019-04-29,1941.28,0,single_person,active
00000384,FAM000025,2018-04-30,2019-04-30,2016.47,0,single_person,active
00000385,FAM000164,2018-05-01,2019-05-01,2755.59,0,single_person,active
00000386,FAM000182,2018-05-01,2019-05-01,1919.24,0,single_person,active
00000387,FAM000608,2018-05-01,2019-05-01,1753.99,0,single_person,cancelled
00000388,FAM000395,2018-05-02,2019-05-02,1422.21,0,single_person,active
00000389,FAM000429,2018-05-02,2019-05-02,1248.31,0,single_person,active
00000390,FAM000447,2018-05-02,2019-05-02,1926.82,0,single_person,active
00000391,FAM000550,2018-05-02,2019-05-02,1332.37,0,single_person,active
00000392,FAM001015,2018-05-02,2019-05-02,2753.51,0,single_person,cancelled
00000393,FAM001036,2018-05-02,2019-05-02,1424.91,0,single_person,cancelled
00000394,FAM000149,2018-05-03,2019-05-03,1715.16,0,single_person,cancelled
00000395,FAM000442,2018-05-03,2019-05-03,1538.05,0,single_person,active
00000396,FAM000979,2018-05-03,2019-05-03,1679.7,0,single_person,active
00000397,FAM000221,2018-05-05,2019-05-05,1946.88,0,single_person,active
00000398,FAM000323,2018-05-05,2019-05-05,1847.5,0,single_person,active
00000399,FAM001097,2018-05-05,2019-05-05,1575.39,0,single_person,cancelled
00000400,FAM000239,2018-05-06,2019-05-06,1840.29,0,single_person,active
00000401,FAM000418,2018-05-06,2019-05-06,1997.9,0,single_person,active
00000402,FAM000477,2018-05-06,2019-05-06,1215.78,0,single_person,cancelled
00000403,FAM000603,2018-05-06,2019-05-06,1314.41,0,single_person,cancelled
00000404,FAM000670,2018-05-06,2019-05-06,2303.15,0,single_person,active
00000405,FAM000728,2018-05-06,2019-05-06,2072.2,0,single_person,active
00000406,FAM001059,2018-05-06,2019-05-06,2090.05,0,single_person,active
00000407,FAM000040,2018-05-07,2019-05-07,2045.59,0,single_person,active
00000408,FAM000075,2018-05-07,2019-05-07,2012.46,0,single_person,active
00000409,FAM000327,2018-05-07,2019-05-07,1961.94,0,single_person,cancelled
00000410,FAM000679,2018-05-07,2019-05-07,2155.41,0,single_person,cancelled
00000411,FAM000781,2018-05-07,2019-05-07,2858.44,0,single_person,active
00000412,FAM000892,2018-05-07,2019-05-07,1749.64,0,single_person,cancelled
00000413,FAM000314,2018-05-08,2019-05-08,1460.0,0,single_person,active
00000414,FAM000659,2018-05-08,2019-05-08,2027.4,0,single_person,active
00000415,FAM000678,2018-05-08,2019-05-08,1314.1,0,single_person,cancelled
00000416,FAM000783,2018-05-08,2019-05-08,2034.85,0,single_person,active
00000417,FAM000048,2018-05-09,2019-05-09,1423.01,0,single_person,active
00000418,FAM000259,2018-05-09,2019-05-09,1366.37,0,single_person,active
00000419,FAM000333,2018-05-09,2019-05-09,1681.62,0,single_person,active
00000420,FAM000568,2018-05-09,2019-05-09,1786.2,0,single_person,cancelled
00000421,FAM000582,2018-05-09,2019-05-09,1624.34,0,single_person,active
00000422,FAM000491,2018-05-10,2019-05-10,1976.56,0,single_person,active
00000423,FAM001060,2018-05-10,2019-05-10,1120.05,0,single_person,cancelled
00000424,FAM000005,2018-05-11,2019-05-11,1728.79,0,single_person,active
00000425,FAM000784,2018-05-11,2019-05-11,1505.39,0,single_person,active
00000426,FAM000855,2018-05-11,2019-05-11,2340.63,0,single_person,active
00000427,FAM000875,2018-05-11,2019-05-11,1333.26,0,single_person,cancelled
00000428,FAM000238,2018-05-12,2019-05-12,2369.28,0,single_person,cancelled
00000429,FAM000605,2018-05-12,2019-05-12,1570.86,0,single_person,active
00000430,FAM001086,2018-05-12,2019-05-12,2079.97,0,single_person,active
00000431,FAM000644,2018-05-13,2019-05-13,2340.26,0,single_person,active
00000432,FAM000676,2018-05-13,2019-05-13,2016.37,0,single_person,active
00000433,FAM000825,2018-05-13,2019-05-13,2008.3,0,single_person,active
00000434,FAM000938,2018-05-13,2019-05-13,1486.0,0,single_person,active
00000435,FAM000965,2018-05-13,2019-05-13,2158.53,0,single_person,active
00000436,FAM001095,2018-05-13,2019-05-13,2057.95,0,single_person,active
00000437,FAM000224,2018-05-14,2019-05-14,1367.93,0,single_person,active
00000438,FAM000555,2018-05-14,2019-05-14,1716.44,0,single_person,cancelled
00000439,FAM000616,2018-05-14,2019-05-14,2321.58,0,single_person,active
00000440,FAM000631,2018-05-14,2019-05-14,2053.52,0,single_person,active
00000441,FAM000666,2018-05-14,2019-05-14,2022.17,0,single_person,cancelled
00000442,FAM000672,2018-05-14,2019-05-14,1845.07,0,single_person,active
00000443,FAM000721,2018-05-14,2019-05-14,1709.09,0,single_person,cancelled
00000444,FAM000080,2018-05-15,2019-05-15,1799.97,0,single_person,active
00000445,FAM000212,2018-05-15,2019-05-15,2052.0,0,single_person,active
00000446,FAM000217,2018-05-15,2019-05-15,1776.97,0,single_person,active
00000447,FAM000902,2018-05-15,2019-05-15,2513.51,0,single_person,active
00000448,FAM000966,2018-05-15,2019-05-15,2005.16,0,single_person,active
00000449,FAM000370,2018-05-16,2019-05-16,2028.98,0,single_person,active
00000450,FAM000770,2018-05-16,2019-05-16,2462.16,0,single_person,active
00000451,FAM000828,2018-05-16,2019-05-16,1434.98,0,single_person,active
00000452,FAM000830,2018-05-16,2019-05-16,2036.17,0,single_person,active
00000453,FAM001016,2018-05-16,2019-05-16,1228.11,0,single_person,cancelled
00000454,FAM000445,2018-05-17,2019-05-17,1670.12,0,single_person,cancelled
00000455,FAM000507,2018-05-17,2019-05-17,1325.87,0,single_person,cancelled
00000456,FAM000545,2018-05-17,2019-05-17,1257.87,0,single_person,cancelled
00000457,FAM000628,2018-05-17,2019-05-17,1777.67,0,single_person,active
00000458,FAM000640,2018-05-17,2019-05-17,2831.23,0,single_person,active
00000459,FAM000977,2018-05-17,2019-05-17,2335.15,0,single_person,active
00000460,FAM001001,2018-05-17,2019-05-17,1786.17,0,single_person,cancelled
00000461,FAM000109,2018-05-18,2019-05-18,1780.74,0,single_person,active
00000462,FAM000134,2018-05-18,2019-05-18,2184.28,0,single_person,active
00000463,FAM000897,2018-05-18,2019-05-18,1437.92,0,single_person,cancelled
00000464,FAM000026,2018-05-19,2019-05-19,1667.65,0,single_person,active
00000465,FAM000204,2018-05-19,2019-05-19,1695.19,0,single_person,active
00000466,FAM000296,2018-05-19,2019-05-19,1483.98,0,single_person,cancelled
00000467,FAM000342,2018-05-19,2019-05-19,1249.15,0,single_person,cancelled
00000468,FAM000734,2018-05-19,2019-05-19,1664.09,0,single_person,active
00000469,FAM001011,2018-05-19,2019-05-19,2524.55,0,single_person,active
00000470,FAM000256,2018-05-20,2019-05-20,1806.49,0,single_person,active
00000471,FAM000559,2018-05-20,2019-05-20,1959.56,0,single_person,active
00000472,FAM000717,2018-05-20,2019-05-20,2016.03,0,single_person,cancelled
00000473,FAM000867,2018-05-20,2019-05-20,1207.97,0,single_person,cancelled
00000474,FAM000956,2018-05-20,2019-05-20,2530.33,0,single_person,active
00000475,FAM001030,2018-05-20,2019-05-20,1583.39,0,single_person,cancelled
00000476,FAM000113,2018-05-21,2019-05-21,1240.8,0,single_person,cancelled
00000477,FAM000252,2018-05-21,2019-05-21,2373.41,0,single_person,active
00000478,FAM000398,2018-05-21,2019-05-21,2473.18,0,single_person,cancelled
00000479,FAM000310,2018-05-22,2019-05-22,2248.61,0,single_person,active
00000480,FAM001037,2018-05-22,2019-05-22,1885.56,0,single_person,active
00000481,FAM000165,2018-05-23,2019-05-23,1911.64,0,single_person,active
00000482,FAM001079,2018-05-24,2019-05-24,2156.87,0,single_person,active
00000483,FAM000274,2018-05-26,2019-05-26,1957.77,0,single_person,active
00000484,FAM000927,2018-05-26,2019-05-26,2015.3,0,single_person,active
00000485,FAM000107,2018-05-27,2019-05-27,2178.55,0,single_person,active
00000486,FAM000602,2018-05-27,2019-05-27,1257.82,0,single_person,cancelled
00000487,FAM000349,2018-05-28,2019-05-28,1827.91,0,single_person,active
00000488,FAM000125,2018-05-29,2019-05-29,1180.06,0,single_person,cancelled
00000489,FAM000351,2018-05-29,2019-05-29,2067.04,0,single_person,active
00000490,FAM000558,2018-05-29,2019-05-29,1566.73,0,single_person,cancelled
00000491,FAM000036,2018-05-30,2019-05-30,2116.28,0,single_person,active
00000492,FAM000443,2018-05-30,2019-05-30,2105.82,0,single_person,active
00000493,FAM000872,2018-05-30,2019-05-30,1577.93,0,single_person,active
00000494,FAM000430,2018-05-31,2019-05-31,1385.95,0,single_person,active
00000495,FAM000898,2018-05-31,2019-05-31,1062.83,0,single_person,cancelled
00000496,FAM001057,2018-05-31,2019-05-31,1468.88,0,single_person,active
00000497,FAM000220,2018-06-01,2019-06-01,986.52,0,single_person,cancelled
00000498,FAM000292,2018-06-02,2019-06-02,1974.06,0,single_person,active
00000499,FAM000747,2018-06-02,2019-06-02,2176.56,0,single_person,active
00000500,FAM000861,2018-06-02,2019-06-02,1660.95,0,single_person,active
00000501,FAM000466,2018-06-03,2019-06-03,1807.73,0,single_person,cancelled
00000502,FAM000936,2018-06-03,2019-06-03,2039.93,0,single_person,cancelled
00000503,FAM000410,2018-06-04,2019-06-04,1220.65,0,single_person,cancelled
00000504,FAM000506,2018-06-04,2019-06-04,1410.22,0,single_person,active
00000505,FAM000796,2018-06-04,2019-06-04,1766.68,0,single_person,active
00000506,FAM001021,2018-06-04,2019-06-04,2295.3,0,single_person,active
00000507,FAM000163,2018-06-05,2019-06-05,2071.95,0,single_person,cancelled
00000508,FAM000401,2018-06-05,2019-06-05,1158.63,0,single_person,cancelled
00000509,FAM000135,2018-06-06,2019-06-06,1651.3,0,single_person,active
00000510,FAM000753,2018-06-06,2019-06-06,1945.88,0,single_person,cancelled
00000511,FAM001031,2018-06-06,2019-06-06,1769.07,0,single_person,active
00000512,FAM000209,2018-06-07,2019-06-07,1835.47,0,single_person,active
00000513,FAM000901,2018-06-07,2019-06-07,1687.76,0,single_person,cancelled
00000514,FAM000479,2018-06-08,2019-06-08,1681.6,0,single_person,active
00000515,FAM000698,2018-06-08,2019-06-08,2180.86,0,single_person,active
00000516,FAM000969,2018-06-08,2019-06-08,1290.35,0,single_person,active
00000517,FAM000235,2018-06-09,2019-06-09,2223.62,0,single_person,active
00000518,FAM000282,2018-06-09,2019-06-09,1171.12,0,single_person,cancelled
00000519,FAM000463,2018-06-09,2019-06-09,2252.97,0,single_person,active
00000520,FAM000476,2018-06-09,2019-06-09,2172.97,0,single_person,active
00000521,FAM000755,2018-06-09,2019-06-09,1301.66,0,single_person,active
00000522,FAM000509,2018-06-10,2019-06-10,1450.73,0,single_person,cancelled
00000523,FAM000871,2018-06-10,2019-06-10,2589.7,0,single_person,cancelled
00000524,FAM000069,2018-06-11,2019-06-11,1630.84,0,single_person,cancelled
00000525,FAM000691,2018-06-11,2019-06-11,2118.09,0,single_person,cancelled
00000526,FAM000766,2018-06-11,2019-06-11,1820.52,0,single_person,cancelled
00000527,FAM001039,2018-06-11,2019-06-11,1381.45,0,single_person,active
00000528,FAM000226,2018-06-12,2019-06-12,1969.89,0,single_person,active
00000529,FAM000357,2018-06-12,2019-06-12,1520.39,0,single_person,active
00000530,FAM000452,2018-06-12,2019-06-12,1607.21,0,single_person,cancelled
00000531,FAM001090,2018-06-12,2019-06-12,1410.52,0,single_person,cancelled
00000532,FAM000153,2018-06-13,2019-06-13,1496.59,0,single_person,cancelled
00000533,FAM000910,2018-06-13,2019-06-13,1872.82,0,single_person,active
00000534,FAM000987,2018-06-14,2019-06-14,1565.84,0,single_person,active
00000535,FAM000094,2018-06-16,2019-06-16,2721.03,0,single_person,active
00000536,FAM001074,2018-06-16,2019-06-16,2037.26,0,single_person,active
00000537,FAM000453,2018-06-17,2019-06-17,1902.82,0,single_person,active
00000538,FAM000096,2018-06-18,2019-06-18,1618.57,0,single_person,cancelled
00000539,FAM000257,2018-06-18,2019-06-18,1603.96,0,single_person,cancelled
00000540,FAM000373,2018-06-18,2019-06-18,1574.08,0,single_person,active
00000541,FAM000404,2018-06-18,2019-06-18,1427.79,0,single_person,cancelled
00000542,FAM001010,2018-06-18,2019-06-18,1899.98,0,single_person,active
00000543,FAM000260,2018-06-19,2019-06-19,2276.18,0,single_person,active
00000544,FAM000409,2018-06-19,2019-06-19,1749.75,0,single_person,cancelled
00000545,FAM000826,2018-06-19,2019-06-19,1719.86,0,single_person,active
00000546,FAM000846,2018-06-19,2019-06-19,1490.84,0,single_person,active
00000547,FAM000849,2018-06-19,2019-06-19,1550.65,0,single_person,cancelled
00000548,FAM000909,2018-06-19,2019-06-19,1666.79,0,single_person,active
00000549,FAM001008,2018-06-19,2019-06-19,1706.4,0,single_person,active
00000550,FAM000612,2018-06-20,2019-06-20,2207.42,0,single_person,active
00000551,FAM001014,2018-06-20,2019-06-20,2118.82,0,single_person,active
00000552,FAM001076,2018-06-20,2019-06-20,1383.76,0,single_person,cancelled
00000553,FAM001049,2018-06-21,2019-06-21,1409.26,0,single_person,cancelled
00000554,FAM000037,2018-06-22,2019-06-22,1817.33,0,single_person,active
00000555,FAM000062,2018-06-22,2019-06-22,993.65,0,single_person,cancelled
00000556,FAM000570,2018-06-22,2019-06-22,2530.79,0,single_person,active
00000557,FAM001044,2018-06-22,2019-06-22,1937.45,0,single_person,active
00000558,FAM000266,2018-06-23,2019-06-23,1950.24,0,single_person,active
00000559,FAM000377,2018-06-23,2019-06-23,2522.35,0,single_person,active
00000560,FAM000971,2018-06-23,2019-06-23,1539.67,0,single_person,cancelled
00000561,FAM000123,2018-06-24,2019-06-24,1739.14,0,single_person,active
00000562,FAM000444,2018-06-25,2019-06-25,2350.13,0,single_person,active
00000563,FAM000633,2018-06-25,2019-06-25,1911.41,0,single_person,cancelled
00000564,FAM000068,2018-06-26,2019-06-26,1190.62,0,single_person,cancelled
00000565,FAM000738,2018-06-26,2019-06-26,2022.83,0,single_person,cancelled
00000566,FAM000168,2018-06-27,2019-06-27,2086.73,0,single_person,active
00000567,FAM000625,2018-06-27,2019-06-27,1752.65,0,single_person,active
00000568,FAM000807,2018-06-27,2019-06-27,2127.53,0,single_person,active
00000569,FAM000007,2018-06-28,2019-06-28,1390.28,0,single_person,active
00000570,FAM000027,2018-06-28,2019-06-28,1714.78,0,single_person,active
00000571,FAM000735,2018-06-28,2019-06-28,2096.61,0,single_person,active
00000572,FAM000271,2018-06-29,2019-06-29,2092.27,0,single_person,active
00000573,FAM000001,2018-06-30,2019-06-30,2403.11,0,single_person,active
00000574,FAM000171,2018-06-30,2019-06-30,2050.05,0,single_person,active
00000575,FAM000392,2018-06-30,2019-06-30,1163.13,0,single_person,cancelled
00000576,FAM000595,2018-06-30,2019-06-30,1343.34,0,single_person,active
00000577,FAM000440,2018-07-02,2019-07-02,1300.62,0,single_person,active
00000578,FAM000449,2018-07-02,2019-07-02,1910.18,0,single_person,cancelled
00000579,FAM000607,2018-07-02,2019-07-02,2350.58,0,single_person,active
00000580,FAM000844,2018-07-02,2019-07-02,2049.41,0,single_person,active
00000581,FAM000914,2018-07-02,2019-07-02,1618.97,0,single_person,cancelled
00000582,FAM000078,2018-07-03,2019-07-03,1544.16,0,single_person,active
00000583,FAM000723,2018-07-03,2019-07-03,2178.63,0,single_person,active
00000584,FAM000834,2018-07-04,2019-07-04,2226.85,0,single_person,cancelled
00000585,FAM000272,2018-07-05,2019-07-05,1482.41,0,single_person,cancelled
00000586,FAM000690,2018-07-05,2019-07-05,1589.34,0,single_person,active
00000587,FAM000906,2018-07-05,2019-07-05,1392.08,0,single_person,active
00000588,FAM001022,2018-07-05,2019-07-05,2085.88,0,single_person,active
00000589,FAM000669,2018-07-06,2019-07-06,2114.34,0,single_person,active
00000590,FAM000993,2018-07-06,2019-07-06,1466.72,0,single_person,cancelled
00000591,FAM000955,2018-07-07,2019-07-07,1348.99,0,single_person,cancelled
00000592,FAM000253,2018-07-08,2019-07-08,1633.62,0,single_person,active
00000593,FAM000876,2018-07-08,2019-07-08,1699.41,0,single_person,active
00000594,FAM000983,2018-07-08,2019-07-08,1516.23,0,single_person,active
00000595,FAM000361,2018-07-09,2019-07-09,1362.64,0,single_person,cancelled
00000596,FAM000422,2018-07-09,2019-07-09,1903.56,0,single_person,active
00000597,FAM000596,2018-07-09,2019-07-09,1226.46,0,single_person,cancelled
00000598,FAM001069,2018-07-09,2019-07-09,1286.32,0,single_person,cancelled
00000599,FAM000079,2018-07-10,2019-07-10,2298.97,0,single_person,active
00000600,FAM000305,2018-07-11,2019-07-11,1844.3,0,single_person,active
00000601,FAM000737,2018-07-11,2019-07-11,2014.96,0,single_person,active
00000602,FAM000805,2018-07-11,2019-07-11,1511.81,0,single_person,active
00000603,FAM001005,2018-07-11,2019-07-11,1326.56,0,single_person,active
00000604,FAM000021,2018-07-12,2019-07-12,1313.79,0,single_person,active
00000605,FAM000060,2018-07-12,2019-07-12,2027.94,0,single_person,cancelled
00000606,FAM000315,2018-07-12,2019-07-12,1435.58,0,single_person,active
00000607,FAM000097,2018-07-13,2019-07-13,2300.52,0,single_person,active
00000608,FAM000129,2018-07-13,2019-07-13,2022.66,0,single_person,active
00000609,FAM000304,2018-07-14,2019-07-14,1492.69,0,single_person,active
00000610,FAM000385,2018-07-14,2019-07-14,2551.01,0,single_person,active
00000611,FAM000758,2018-07-14,2019-07-14,1810.38,0,single_person,active
00000612,FAM000188,2018-07-15,2019-07-15,1214.45,0,single_person,cancelled
00000613,FAM000248,2018-07-15,2019-07-15,831.29,0,single_person,cancelled
00000614,FAM000311,2018-07-15,2019-07-15,1676.59,0,single_person,active
00000615,FAM000344,2018-07-15,2019-07-15,1291.35,0,single_person,cancelled
00000616,FAM000482,2018-07-15,2019-07-15,3168.77,0,single_person,active
00000617,FAM000632,2018-07-15,2019-07-15,1147.41,0,single_person,cancelled
00000618,FAM000761,2018-07-15,2019-07-15,1643.44,0,single_person,active
00000619,FAM000366,2018-07-17,2019-07-17,2334.39,0,single_person,cancelled
00000620,FAM000468,2018-07-17,2019-07-17,2177.6,0,single_person,active
00000621,FAM000889,2018-07-17,2019-07-17,1675.45,0,single_person,active
00000622,FAM000111,2018-07-18,2019-07-18,1458.09,0,single_person,active
00000623,FAM000215,2018-07-18,2019-07-18,2574.04,0,single_person,active
00000624,FAM000313,2018-07-18,2019-07-18,1189.42,0,single_person,cancelled
00000625,FAM000438,2018-07-18,2019-07-18,2330.21,0,single_person,active
00000626,FAM000086,2018-07-19,2019-07-19,2756.22,0,single_person,active
00000627,FAM000263,2018-07-19,2019-07-19,1663.81,0,single_person,cancelled
00000628,FAM000626,2018-07-19,2019-07-19,1815.55,0,single_person,cancelled
00000629,FAM000863,2018-07-19,2019-07-19,1359.14,0,single_person,active
00000630,FAM000269,2018-07-20,2019-07-20,1053.67,0,single_person,cancelled
00000631,FAM000658,2018-07-20,2019-07-20,2214.32,0,single_person,cancelled
00000632,FAM000841,2018-07-20,2019-07-20,1317.83,0,single_person,cancelled
00000633,FAM000540,2018-07-22,2019-07-22,1702.65,0,single_person,active
00000634,FAM000950,2018-07-22,2019-07-22,1797.59,0,single_person,active
00000635,FAM001043,2018-07-22,2019-07-22,2032.6,0,single_person,active
00000636,FAM000053,2018-07-23,2019-07-23,2082.17,0,single_person,active
00000637,FAM000382,2018-07-23,2019-07-23,1404.44,0,single_person,active
00000638,FAM000600,2018-07-23,2019-07-23,2698.88,0,single_person,active
00000639,FAM000145,2018-07-24,2019-07-24,2203.91,0,single_person,active
00000640,FAM000200,2018-07-24,2019-07-24,1644.65,0,single_person,active
00000641,FAM000213,2018-07-24,2019-07-24,1248.58,0,single_person,cancelled
00000642,FAM000517,2018-07-24,2019-07-24,1430.26,0,single_person,cancelled
00000643,FAM000576,2018-07-24,2019-07-24,1270.86,0,single_person,active
00000644,FAM000265,2018-07-25,2019-07-25,1884.66,0,single_person,active
00000645,FAM000884,2018-07-25,2019-07-25,1991.07,0,single_person,active
00000646,FAM000103,2018-07-26,2019-07-26,2151.4,0,single_person,active
00000647,FAM000299,2018-07-26,2019-07-26,2349.89,0,single_person,active
00000648,FAM000704,2018-07-26,2019-07-26,1414.68,0,single_person,active
00000649,FAM000905,2018-07-26,2019-07-26,1797.88,0,single_person,active
00000650,FAM000022,2018-07-28,2019-07-28,2374.42,0,single_person,active
00000651,FAM000307,2018-07-28,2019-07-28,2905.68,0,single_person,active
00000652,FAM000432,2018-07-29,2019-07-29,1331.27,0,single_person,active
00000653,FAM000733,2018-07-30,2019-07-30,2037.18,0,single_person,active
00000654,FAM000865,2018-07-30,2019-07-30,1248.86,0,single_person,active
00000655,FAM000172,2018-08-01,2019-08-01,1907.5,0,single_person,active
00000656,FAM000295,2018-08-01,2019-08-01,1386.47,0,single_person,cancelled
00000657,FAM000446,2018-08-01,2019-08-01,2224.34,0,single_person,active
00000658,FAM001018,2018-08-01,2019-08-01,1655.33,0,single_person,active
00000659,FAM000262,2018-08-02,2019-08-02,1944.0,0,single_person,active
00000660,FAM000806,2018-08-02,2019-08-02,1367.16,0,single_person,active
00000661,FAM000814,2018-08-02,2019-08-02,1579.2,0,single_person,cancelled
00000662,FAM000947,2018-08-02,2019-08-02,1441.32,0,single_person,cancelled
00000663,FAM001027,2018-08-02,2019-08-02,1949.09,0,single_person,active
00000664,FAM000496,2018-08-03,2019-08-03,1890.86,0,single_person,active
00000665,FAM000520,2018-08-03,2019-08-03,1995.24,0,single_person,active
00000666,FAM000703,2018-08-03,2019-08-03,1597.13,0,single_person,active
00000667,FAM001073,2018-08-03,2019-08-03,1715.26,0,single_person,active
00000668,FAM000148,2018-08-04,2019-08-04,1613.47,0,single_person,active
00000669,FAM000478,2018-08-04,2019-08-04,2585.75,0,single_person,cancelled
00000670,FAM000700,2018-08-04,2019-08-04,1427.95,0,single_person,active
00000671,FAM000754,2018-08-04,2019-08-04,1607.92,0,single_person,active
00000672,FAM000635,2018-08-05,2019-08-05,1985.32,0,single_person,active
00000673,FAM000779,2018-08-05,2019-08-05,2064.88,0,single_person,active
00000674,FAM000301,2018-08-06,2019-08-06,2541.95,0,single_person,active
00000675,FAM000353,2018-08-06,2019-08-06,1905.83,0,single_person,active
00000676,FAM000594,2018-08-07,2019-08-07,1627.0,0,single_person,active
00000677,FAM000815,2018-08-07,2019-08-07,3143.23,0,single_person,active
00000678,FAM000976,2018-08-07,2019-08-07,1564.69,0,single_person,cancelled
00000679,FAM000237,2018-08-08,2019-08-08,1511.77,0,single_person,active
00000680,FAM000372,2018-08-09,2019-08-09,2326.78,0,single_person,active
00000681,FAM000705,2018-08-09,2019-08-09,1286.83,0,single_person,cancelled
00000682,FAM000161,2018-08-10,2019-08-10,2028.24,0,single_person,active
00000683,FAM000494,2018-08-10,2019-08-10,2214.02,0,single_person,active
00000684,FAM000817,2018-08-10,2019-08-10,2851.81,0,single_person,active
00000685,FAM000071,2018-08-11,2019-08-11,1577.73,0,single_person,active
00000686,FAM000613,2018-08-11,2019-08-11,1809.08,0,single_person,active
00000687,FAM000722,2018-08-11,2019-08-11,1181.32,0,single_person,cancelled
00000688,FAM000140,2018-08-12,2019-08-12,2532.62,0,single_person,active
00000689,FAM000535,2018-08-12,2019-08-12,1667.49,0,single_person,active
00000690,FAM000651,2018-08-12,2019-08-12,1608.36,0,single_person,cancelled
00000691,FAM000300,2018-08-13,2019-08-13,2187.91,0,single_person,active
00000692,FAM000383,2018-08-13,2019-08-13,1809.55,0,single_person,active
00000693,FAM000810,2018-08-13,2019-08-13,1282.61,0,single_person,cancelled
00000694,FAM000934,2018-08-13,2019-08-13,1554.67,0,single_person,cancelled
00000695,FAM000674,2018-08-14,2019-08-14,1260.41,0,single_person,cancelled
00000696,FAM000918,2018-08-14,2019-08-14,1353.67,0,single_person,cancelled
00000697,FAM000065,2018-08-15,2019-08-15,1429.81,0,single_person,cancelled
00000698,FAM000128,2018-08-15,2019-08-15,1812.13,0,single_person,active
00000699,FAM000195,2018-08-15,2019-08-15,2156.93,0,single_person,active
00000700,FAM000090,2018-08-16,2019-08-16,2580.36,0,single_person,active
00000701,FAM000513,2018-08-16,2019-08-16,1520.17,0,single_person,cancelled
00000702,FAM000854,2018-08-16,2019-08-16,1318.66,0,single_person,active
00000703,FAM000240,2018-08-17,2019-08-17,1906.44,0,single_person,active
00000704,FAM000399,2018-08-17,2019-08-17,1712.99,0,single_person,active
00000705,FAM000510,2018-08-17,2019-08-17,2425.52,0,single_person,active
00000706,FAM001035,2018-08-17,2019-08-17,2036.21,0,single_person,active
00000707,FAM000152,2018-08-18,2019-08-18,2224.5,0,single_person,active
00000708,FAM000207,2018-08-18,2019-08-18,2175.65,0,single_person,active
00000709,FAM000425,2018-08-18,2019-08-18,1515.15,0,single_person,active
00000710,FAM000583,2018-08-18,2019-08-18,1809.56,0,single_person,cancelled
00000711,FAM000869,2018-08-18,2019-08-18,1631.46,0,single_person,cancelled
00000712,FAM000978,2018-08-18,2019-08-18,2282.54,0,single_person,cancelled
00000713,FAM000176,2018-08-19,2019-08-19,2194.78,0,single_person,active
00000714,FAM000541,2018-08-19,2019-08-19,1409.26,0,single_person,active
00000715,FAM000184,2018-08-20,2019-08-20,1920.05,0,single_person,active
00000716,FAM000242,2018-08-20,2019-08-20,1625.87,0,single_person,cancelled
00000717,FAM000551,2018-08-20,2019-08-20,1542.21,0,single_person,active
00000718,FAM000143,2018-08-21,2019-08-21,1996.03,0,single_person,cancelled
00000719,FAM000701,2018-08-21,2019-08-21,1632.49,0,single_person,cancelled
00000720,FAM000663,2018-08-22,2019-08-22,1689.87,0,single_person,active
00000721,FAM000833,2018-08-22,2019-08-22,1884.54,0,single_person,active
00000722,FAM000881,2018-08-22,2019-08-22,2269.33,0,single_person,active
00000723,FAM000002,2018-08-23,2019-08-23,2066.98,0,single_person,active
00000724,FAM000598,2018-08-23,2019-08-23,1870.26,0,single_person,active
00000725,FAM000652,2018-08-23,2019-08-23,1724.54,0,single_person,active
00000726,FAM000730,2018-08-23,2019-08-23,1486.37,0,single_person,active
00000727,FAM000196,2018-08-24,2019-08-24,1785.36,0,single_person,active
00000728,FAM000498,2018-08-24,2019-08-24,1920.59,0,single_person,cancelled
00000729,FAM001078,2018-08-24,2019-08-24,2400.43,0,single_person,active
00000730,FAM000202,2018-08-25,2019-08-25,2830.57,0,single_person,active
00000731,FAM000713,2018-08-25,2019-08-25,1117.96,0,single_person,cancelled
00000732,FAM000803,2018-08-25,2019-08-25,1786.58,0,single_person,active
00000733,FAM000837,2018-08-25,2019-08-25,1938.93,0,single_person,active
00000734,FAM000210,2018-08-26,2019-08-26,2033.92,0,single_person,cancelled
00000735,FAM000767,2018-08-26,2019-08-26,2381.1,0,single_person,active
00000736,FAM000991,2018-08-26,2019-08-26,2211.15,0,single_person,active
00000737,FAM001013,2018-08-26,2019-08-26,2726.24,0,single_person,cancelled
00000738,FAM000102,2018-08-27,2019-08-27,1274.12,0,single_person,cancelled
00000739,FAM000130,2018-08-27,2019-08-27,2337.95,0,single_person,active
00000740,FAM000397,2018-08-27,2019-08-27,1419.94,0,single_person,cancelled
00000741,FAM000567,2018-08-27,2019-08-27,3181.49,0,single_person,active
00000742,FAM000575,2018-08-27,2019-08-27,2201.52,0,single_person,active
00000743,FAM000984,2018-08-27,2019-08-27,1287.22,0,single_person,active
00000744,FAM000650,2018-08-28,2019-08-28,2059.69,0,single_person,cancelled
00000745,FAM000686,2018-08-28,2019-08-28,2247.68,0,single_person,active
00000746,FAM000795,2018-08-29,2019-08-29,1836.42,0,single_person,active
00000747,FAM000864,2018-08-29,2019-08-29,1733.11,0,single_person,cancelled
00000748,FAM000778,2018-08-31,2019-08-31,1838.15,0,single_person,cancelled
00000749,FAM000952,2018-08-31,2019-08-31,2113.29,0,single_person,cancelled
00000750,FAM000004,2018-09-01,2019-09-01,1544.59,0,single_person,active
00000751,FAM000354,2018-09-01,2019-09-01,2156.65,0,single_person,cancelled
00000752,FAM000216,2018-09-02,2019-09-02,1731.69,0,single_person,cancelled
00000753,FAM000696,2018-09-02,2019-09-02,1557.17,0,single_person,cancelled
00000754,FAM000857,2018-09-02,2019-09-02,2222.67,0,single_person,active
00000755,FAM000405,2018-09-03,2019-09-03,2229.85,0,single_person,active
00000756,FAM000042,2018-09-04,2019-09-04,2095.11,0,single_person,cancelled
00000757,FAM000531,2018-09-04,2019-09-04,2302.16,0,single_person,active
00000758,FAM000126,2018-09-05,2019-09-05,1503.17,0,single_person,cancelled
00000759,FAM000908,2018-09-05,2019-09-05,1765.61,0,single_person,active
00000760,FAM001023,2018-09-05,2019-09-05,1790.46,0,single_person,active
00000761,FAM000227,2018-09-06,2019-09-06,1442.15,0,single_person,cancelled
00000762,FAM000515,2018-09-06,2019-09-06,2016.85,0,single_person,active
00000763,FAM000624,2018-09-06,2019-09-06,1980.95,0,single_person,active
00000764,FAM000189,2018-09-07,2019-09-07,2415.47,0,single_person,active
00000765,FAM000244,2018-09-07,2019-09-07,1393.79,0,single_person,active
00000766,FAM000726,2018-09-07,2019-09-07,1541.57,0,single_person,cancelled
00000767,FAM000925,2018-09-07,2019-09-07,1733.56,0,single_person,cancelled
00000768,FAM000989,2018-09-07,2019-09-07,1645.13,0,single_person,cancelled
00000769,FAM001006,2018-09-07,2019-09-07,1608.09,0,single_person,active
00000770,FAM001066,2018-09-07,2019-09-07,2053.58,0,single_person,active
00000771,FAM000358,2018-09-08,2019-09-08,2202.92,0,single_person,active
00000772,FAM000858,2018-09-08,2019-09-08,1802.58,0,single_person,cancelled
00000773,FAM000167,2018-09-09,2019-09-09,1525.18,0,single_person,cancelled
00000774,FAM000177,2018-09-09,2019-09-09,1359.08,0,single_person,cancelled
00000775,FAM000455,2018-09-09,2019-09-09,1624.5,0,single_person,cancelled
00000776,FAM000785,2018-09-09,2019-09-09,1331.0,0,single_person,cancelled
00000777,FAM000894,2018-09-09,2019-09-09,2858.69,0,single_person,active
00000778,FAM000031,2018-09-10,2019-09-10,2338.31,0,single_person,active
00000779,FAM000194,2018-09-10,2019-09-10,2536.71,0,single_person,active
00000780,FAM000375,2018-09-10,2019-09-10,1485.8,0,single_person,active
00000781,FAM000835,2018-09-10,2019-09-10,1721.56,0,single_person,active
00000782,FAM000765,2018-09-11,2019-09-11,2872.8,0,single_person,active
00000783,FAM000957,2018-09-11,2019-09-11,1507.17,0,single_person,cancelled
00000784,FAM000347,2018-09-12,2019-09-12,2193.88,0,single_person,active
00000785,FAM000138,2018-09-14,2019-09-14,1731.16,0,single_person,active
00000786,FAM000179,2018-09-14,2019-09-14,2049.68,0,single_person,active
00000787,FAM000203,2018-09-14,2019-09-14,2344.82,0,single_person,active
00000788,FAM000720,2018-09-14,2019-09-14,1812.86,0,single_person,active
00000789,FAM000746,2018-09-14,2019-09-14,2080.11,0,single_person,cancelled
00000790,FAM001072,2018-09-14,2019-09-14,1440.64,0,single_person,cancelled
00000791,FAM000206,2018-09-15,2019-09-15,2486.64,0,single_person,cancelled
00000792,FAM000572,2018-09-15,2019-09-15,995.97,0,single_person,cancelled
00000793,FAM000994,2018-09-15,2019-09-15,2086.97,0,single_person,active
00000794,FAM000192,2018-09-16,2019-09-16,1828.22,0,single_person,cancelled
00000795,FAM000312,2018-09-16,2019-09-16,1532.4,0,single_person,active
00000796,FAM000505,2018-09-16,2019-09-16,1870.75,0,single_person,active
00000797,FAM000566,2018-09-16,2019-09-16,2523.77,0,single_person,active
00000798,FAM000390,2018-09-17,2019-09-17,1789.66,0,single_person,active
00000799,FAM000427,2018-09-17,2019-09-17,2326.46,0,single_person,active
00000800,FAM001103,2018-09-17,2019-09-17,1590.34,0,single_person,active
00000801,FAM000420,2018-09-18,2019-09-18,1466.12,0,single_person,active
00000802,FAM000072,2018-09-22,2019-09-22,2244.69,0,single_person,active
00000803,FAM000953,2018-09-22,2019-09-22,1546.97,0,single_person,cancelled
00000804,FAM001025,2018-09-24,2019-09-24,2004.6,0,single_person,active
00000805,FAM000580,2018-09-25,2019-09-25,1366.05,0,single_person,active
00000806,FAM000100,2018-09-26,2019-09-26,1817.43,0,single_person,active
00000807,FAM000838,2018-09-26,2019-09-26,1388.66,0,single_person,cancelled
00000808,FAM000888,2018-09-26,2019-09-26,1533.72,0,single_person,cancelled
00000809,FAM001082,2018-09-26,2019-09-26,2109.09,0,single_person,cancelled
00000810,FAM000067,2018-09-27,2019-09-27,1806.45,0,single_person,active
00000811,FAM000081,2018-09-27,2019-09-27,2015.14,0,single_person,active
00000812,FAM000219,2018-09-27,2019-09-27,1450.7,0,single_person,active
00000813,FAM000492,2018-09-27,2019-09-27,1707.59,0,single_person,cancelled
00000814,FAM000748,2018-09-27,2019-09-27,1356.59,0,single_person,cancelled
00000815,FAM000816,2018-09-27,2019-09-27,1675.46,0,single_person,cancelled
00000816,FAM000083,2018-09-28,2019-09-28,1978.76,0,single_person,active
00000817,FAM000622,2018-09-28,2019-09-28,2186.52,0,single_person,active
00000818,FAM000636,2018-09-28,2019-09-28,1259.48,0,single_person,cancelled
00000819,FAM000699,2018-09-28,2019-09-28,1437.46,0,single_person,cancelled
00000820,FAM001034,2018-09-28,2019-09-28,1996.48,0,single_person,cancelled
00000821,FAM000012,2018-09-29,2019-09-29,1819.42,0,single_person,cancelled
00000822,FAM000331,2018-09-29,2019-09-29,1430.57,0,single_person,active
00000823,FAM000590,2018-09-30,2019-09-30,1447.69,0,single_person,cancelled
00000824,FAM000343,2018-10-01,2019-10-01,1921.75,0,single_person,active
00000825,FAM000110,2018-10-02,2019-10-02,1296.65,0,single_person,cancelled
00000826,FAM000247,2018-10-02,2019-10-02,1315.2,0,single_person,cancelled
00000827,FAM000654,2018-10-02,2019-10-02,1675.97,0,single_person,cancelled
00000828,FAM000917,2018-10-02,2019-10-02,1737.68,0,single_person,active
00000829,FAM000467,2018-10-03,2019-10-03,2213.61,0,single_person,active
00000830,FAM001064,2018-10-03,2019-10-03,1833.42,0,single_person,active
00000831,FAM000261,2018-10-04,2019-10-04,1137.78,0,single_person,cancelled
00000832,FAM000019,2018-10-05,2019-10-05,1539.53,0,single_person,active
00000833,FAM000294,2018-10-05,2019-10-05,1810.03,0,single_person,active
00000834,FAM000456,2018-10-05,2019-10-05,1899.89,0,single_person,active
00000835,FAM000458,2018-10-05,2019-10-05,1313.0,0,single_person,active
00000836,FAM000890,2018-10-05,2019-10-05,1864.61,0,single_person,cancelled
00000837,FAM000170,2018-10-06,2019-10-06,2265.85,0,single_person,active
00000838,FAM000653,2018-10-06,2019-10-06,1571.2,0,single_person,active
00000839,FAM000895,2018-10-06,2019-10-06,3186.97,0,single_person,active
00000840,FAM000986,2018-10-06,2019-10-06,984.55,0,single_person,cancelled
00000841,FAM001067,2018-10-06,2019-10-06,2453.33,0,single_person,active
00000842,FAM000142,2018-10-08,2019-10-08,2198.1,0,single_person,active
00000843,FAM000275,2018-10-08,2019-10-08,2242.74,0,single_person,active
00000844,FAM000627,2018-10-08,2019-10-08,1625.36,0,single_person,active
00000845,FAM000683,2018-10-08,2019-10-08,1808.17,0,single_person,active
00000846,FAM000549,2018-10-10,2019-10-10,1808.37,0,single_person,active
00000847,FAM000033,2018-10-11,2019-10-11,1813.09,0,single_person,active
00000848,FAM000592,2018-10-11,2019-10-11,1274.05,0,single_person,active
00000849,FAM000712,2018-10-11,2019-10-11,1765.59,0,single_person,active
00000850,FAM000543,2018-10-12,2019-10-12,2728.19,0,single_person,active
00000851,FAM000688,2018-10-12,2019-10-12,1733.13,0,single_person,active
00000852,FAM000802,2018-10-12,2019-10-12,1885.23,0,single_person,active
00000853,FAM000162,2018-10-13,2019-10-13,1941.73,0,single_person,active
00000854,FAM000205,2018-10-13,2019-10-13,1644.42,0,single_person,active
00000855,FAM000518,2018-10-13,2019-10-13,2103.15,0,single_person,active
00000856,FAM000759,2018-10-13,2019-10-13,1698.06,0,single_person,cancelled
00000857,FAM000378,2018-10-14,2019-10-14,1927.76,0,single_person,active
00000858,FAM000610,2018-10-14,2019-10-14,2042.7,0,single_person,active
00000859,FAM000866,2018-10-14,2019-10-14,1466.33,0,single_person,active
00000860,FAM000972,2018-10-14,2019-10-14,1875.51,0,single_person,active
00000861,FAM001071,2018-10-14,2019-10-14,3029.44,0,single_person,active
00000862,FAM000024,2018-10-15,2019-10-15,1505.81,0,single_person,active
00000863,FAM000127,2018-10-15,2019-10-15,2184.95,0,single_person,active
00000864,FAM000155,2018-10-15,2019-10-15,2854.83,0,single_person,active
00000865,FAM000457,2018-10-15,2019-10-15,1816.0,0,single_person,cancelled
00000866,FAM000470,2018-10-15,2019-10-15,2495.47,0,single_person,cancelled
00000867,FAM001094,2018-10-15,2019-10-15,1695.45,0,single_person,active
00000868,FAM000821,2018-10-16,2019-10-16,1825.83,0,single_person,cancelled
00000869,FAM000931,2018-10-16,2019-10-16,2090.9,0,single_person,active
00000870,FAM001024,2018-10-16,2019-10-16,1852.47,0,single_person,active
00000871,FAM000186,2018-10-17,2019-10-17,1478.98,0,single_person,cancelled
00000872,FAM000360,2018-10-17,2019-10-17,1477.6,0,single_person,cancelled
00000873,FAM000777,2018-10-17,2019-10-17,1737.37,0,single_person,cancelled
00000874,FAM000159,2018-10-18,2019-10-18,2204.52,0,single_person,active
00000875,FAM000181,2018-10-18,2019-10-18,1513.84,0,single_person,cancelled
00000876,FAM000277,2018-10-18,2019-10-18,1527.7,0,single_person,active
00000877,FAM000359,2018-10-18,2019-10-18,1931.58,0,single_person,active
00000878,FAM000649,2018-10-18,2019-10-18,1459.01,0,single_person,cancelled
00000879,FAM000903,2018-10-18,2019-10-18,1776.25,0,single_person,active
00000880,FAM000907,2018-10-18,2019-10-18,1377.73,0,single_person,cancelled
00000881,FAM000169,2018-10-19,2019-10-19,1342.97,0,single_person,cancelled
00000882,FAM000291,2018-10-19,2019-10-19,2235.23,0,single_person,active
00000883,FAM000528,2018-10-19,2019-10-19,1413.09,0,single_person,cancelled
00000884,FAM000609,2018-10-19,2019-10-19,1304.41,0,single_person,cancelled
00000885,FAM000054,2018-10-20,2019-10-20,2706.51,0,single_person,cancelled
00000886,FAM000225,2018-10-20,2019-10-20,1060.77,0,single_person,cancelled
00000887,FAM000095,2018-10-21,2019-10-21,1534.94,0,single_person,cancelled
00000888,FAM000787,2018-10-21,2019-10-21,1644.9,0,single_person,active
00000889,FAM000006,2018-10-22,2019-10-22,1686.22,0,single_person,active
00000890,FAM000122,2018-10-22,2019-10-22,2103.77,0,single_person,active
00000891,FAM000180,2018-10-22,2019-10-22,2555.83,0,single_person,active
00000892,FAM000873,2018-10-22,2019-10-22,2101.81,0,single_person,active
00000893,FAM000523,2018-10-23,2019-10-23,1502.6,0,single_person,active
00000894,FAM000232,2018-10-24,2019-10-24,1680.35,0,single_person,cancelled
00000895,FAM000893,2018-10-24,2019-10-24,1549.57,0,single_person,cancelled
00000896,FAM000017,2018-10-25,2019-10-25,1437.12,0,single_person,cancelled
00000897,FAM000880,2018-10-25,2019-10-25,2708.98,0,single_person,active
00000898,FAM000407,2018-10-26,2019-10-26,2003.7,0,single_person,active
00000899,FAM001051,2018-10-26,2019-10-26,1734.95,0,single_person,cancelled
00000900,FAM000013,2018-10-27,2019-10-27,1463.54,0,single_person,active
00000901,FAM000464,2018-10-27,2019-10-27,1511.9,0,single_person,cancelled
00000902,FAM000560,2018-10-27,2019-10-27,2518.86,0,single_person,active
00000903,FAM000157,2018-10-28,2019-10-28,1309.71,0,single_person,cancelled
00000904,FAM000234,2018-10-28,2019-10-28,1918.73,0,single_person,active
00000905,FAM000581,2018-10-28,2019-10-28,1706.95,0,single_person,active
00000906,FAM000589,2018-10-28,2019-10-28,1545.62,0,single_person,active
00000907,FAM000922,2018-10-28,2019-10-28,1640.06,0,single_person,active
00000908,FAM000522,2018-10-29,2019-10-29,2037.7,0,single_person,active
00000909,FAM000023,2018-10-30,2019-10-30,1359.6,0,single_person,active
00000910,FAM000278,2018-10-30,2019-10-30,2058.6,0,single_person,cancelled
00000911,FAM001084,2018-10-30,2019-10-30,1980.22,0,single_person,active
00000912,FAM000419,2018-10-31,2019-10-31,1491.47,0,single_person,cancelled
00000913,FAM000740,2018-10-31,2019-10-31,1358.17,0,single_person,cancelled
00000914,FAM000862,2018-10-31,2019-10-31,1750.08,0,single_person,cancelled
00000915,FAM000797,2018-11-02,2019-11-02,1035.36,0,single_person,cancelled
00000916,FAM000996,2018-11-02,2019-11-02,2054.62,0,single_person,active
00000917,FAM000638,2018-11-03,2019-11-03,2116.84,0,single_person,active
00000918,FAM000791,2018-11-03,2019-11-03,1209.63,0,single_person,active
00000919,FAM000251,2018-11-04,2019-11-04,2017.4,0,single_person,cancelled
00000920,FAM000554,2018-11-04,2019-11-04,2076.49,0,single_person,active
00000921,FAM000874,2018-11-04,2019-11-04,2096.41,0,single_person,active
00000922,FAM000929,2018-11-04,2019-11-04,1361.72,0,single_person,cancelled
00000923,FAM000302,2018-11-05,2019-11-05,2486.21,0,single_person,active
00000924,FAM000586,2018-11-05,2019-11-05,1756.16,0,single_person,active
00000925,FAM000959,2018-11-05,2019-11-05,1741.5,0,single_person,active
00000926,FAM001045,2018-11-05,2019-11-05,2009.14,0,single_person,active
00000927,FAM000211,2018-11-06,2019-11-06,1409.24,0,single_person,cancelled
00000928,FAM000680,2018-11-06,2019-11-06,1558.42,0,single_person,active
00000929,FAM001017,2018-11-06,2019-11-06,2707.94,0,single_person,active
00000930,FAM000105,2018-11-07,2019-11-07,2213.75,0,single_person,cancelled
00000931,FAM000146,2018-11-07,2019-11-07,2125.29,0,single_person,active
00000932,FAM000246,2018-11-07,2019-11-07,1044.37,0,single_person,cancelled
00000933,FAM000320,2018-11-07,2019-11-07,2831.14,0,single_person,active
00000934,FAM000365,2018-11-07,2019-11-07,2396.78,0,single_person,active
00000935,FAM000391,2018-11-07,2019-11-07,1312.19,0,single_person,active
00000936,FAM001029,2018-11-07,2019-11-07,1535.33,0,single_person,cancelled
00000937,FAM000059,2018-11-08,2019-11-08,2331.09,0,single_person,active
00000938,FAM000529,2018-11-08,2019-11-08,1625.56,0,single_person,active
00000939,FAM000963,2018-11-08,2019-11-08,1655.58,0,single_person,cancelled
00000940,FAM000131,2018-11-09,2019-11-09,1649.63,0,single_person,active
00000941,FAM000574,2018-11-09,2019-11-09,1481.56,0,single_person,cancelled
00000942,FAM000085,2018-11-10,2019-11-10,2056.87,0,single_person,active
00000943,FAM000255,2018-11-10,2019-11-10,1791.91,0,single_person,active
00000944,FAM000655,2018-11-10,2019-11-10,1407.84,0,single_person,active
00000945,FAM000267,2018-11-11,2019-11-11,1899.36,0,single_person,active
00000946,FAM000536,2018-11-12,2019-11-12,2038.72,0,single_person,active
00000947,FAM000762,2018-11-12,2019-11-12,1986.65,0,single_person,cancelled
00000948,FAM000776,2018-11-12,2019-11-12,2166.92,0,single_person,active
00000949,FAM000920,2018-11-12,2019-11-12,1436.98,0,single_person,cancelled
00000950,FAM000951,2018-11-12,2019-11-12,1595.16,0,single_person,active
00000951,FAM000003,2018-11-13,2019-11-13,1608.59,0,single_person,cancelled
00000952,FAM000091,2018-11-13,2019-11-13,1662.35,0,single_person,active
00000953,FAM000823,2018-11-13,2019-11-13,1292.88,0,single_person,active
00000954,FAM000112,2018-11-14,2019-11-14,1936.74,0,single_person,active
00000955,FAM000928,2018-11-14,2019-11-14,1432.05,0,single_person,active
00000956,FAM001062,2018-11-14,2019-11-14,1758.18,0,single_person,active
00000957,FAM000190,2018-11-15,2019-11-15,1475.87,0,single_person,active
00000958,FAM000475,2018-11-15,2019-11-15,1321.04,0,single_person,active
00000959,FAM000771,2018-11-15,2019-11-15,2039.57,0,single_person,active
00000960,FAM001038,2018-11-15,2019-11-15,1261.53,0,single_person,cancelled
00000961,FAM000158,2018-11-16,2019-11-16,2098.28,0,single_person,active
00000962,FAM000451,2018-11-16,2019-11-16,1629.66,0,single_person,active
00000963,FAM001063,2018-11-17,2019-11-17,1798.69,0,single_person,active
00000964,FAM000316,2018-11-19,2019-11-19,2245.5,0,single_person,active
00000965,FAM000526,2018-11-19,2019-11-19,1435.13,0,single_person,cancelled
00000966,FAM000673,2018-11-19,2019-11-19,1656.19,0,single_person,active
00000967,FAM001047,2018-11-19,2019-11-19,1680.53,0,single_person,cancelled
00000968,FAM000548,2018-11-20,2019-11-20,1263.16,0,single_person,cancelled
00000969,FAM000689,2018-11-20,2019-11-20,1159.95,0,single_person,cancelled
00000970,FAM000241,2018-11-21,2019-11-21,1612.23,0,single_person,active
00000971,FAM000671,2018-11-21,2019-11-21,2423.57,0,single_person,cancelled
00000972,FAM000493,2018-11-22,2019-11-22,1789.7,0,single_person,active
00000973,FAM000935,2018-11-22,2019-11-22,1839.48,0,single_person,active
00000974,FAM000280,2018-11-23,2019-11-23,1404.82,0,single_person,cancelled
00000975,FAM000376,2018-11-23,2019-11-23,1565.78,0,single_person,active
00000976,FAM000437,2018-11-23,2019-11-23,1572.48,0,single_person,active
00000977,FAM001092,2018-11-23,2019-11-23,2133.35,0,single_person,active
00000978,FAM000229,2018-11-24,2019-11-24,3173.86,0,single_person,active
00000979,FAM000552,2018-11-24,2019-11-24,1839.17,0,single_person,active
00000980,FAM000288,2018-11-26,2019-11-26,1015.14,0,single_person,cancelled
00000981,FAM000763,2018-11-26,2019-11-26,1706.81,0,single_person,cancelled
00000982,FAM000840,2018-11-26,2019-11-26,1489.58,0,single_person,active
00000983,FAM001096,2018-11-26,2019-11-26,1881.84,0,single_person,active
00000984,FAM001101,2018-11-26,2019-11-26,1945.89,0,single_person,cancelled
00000985,FAM000641,2018-11-27,2019-11-27,1910.49,0,single_person,active
00000986,FAM000668,2018-11-27,2019-11-27,2009.57,0,single_person,active
00000987,FAM000968,2018-11-27,2019-11-27,1931.31,0,single_person,active
00000988,FAM000166,2018-11-28,2019-11-28,1695.4,0,single_person,active
00000989,FAM000218,2018-11-28,2019-11-28,1468.28,0,single_person,active
00000990,FAM000542,2018-11-28,2019-11-28,2028.12,0,single_person,cancelled
00000991,FAM001004,2018-11-28,2019-11-28,1206.19,0,single_person,cancelled
00000992,FAM000340,2018-11-29,2019-11-29,1874.28,0,single_person,active
00000993,FAM000904,2018-11-29,2019-11-29,1845.82,0,single_person,cancelled
00000994,FAM000087,2018-11-30,2019-11-30,1791.34,0,single_person,active
00000995,FAM000346,2018-11-30,2019-11-30,1661.36,0,single_person,active
00000996,FAM000521,2018-11-30,2019-11-30,1467.77,0,single_person,active
00000997,FAM000563,2018-11-30,2019-11-30,1547.55,0,single_person,active
00000998,FAM000970,2018-11-30,2019-11-30,2269.48,0,single_person,active
00000999,FAM000084,2018-12-01,2019-12-01,1447.62,0,single_person,cancelled
00001000,FAM000014,2018-12-02,2019-12-02,3015.7,0,single_person,active
00001001,FAM000124,2018-12-02,2019-12-02,2094.37,0,single_person,active
00001002,FAM000503,2018-12-02,2019-12-02,1818.84,0,single_person,active
00001003,FAM000504,2018-12-02,2019-12-02,1529.3,0,single_person,cancelled
00001004,FAM000661,2018-12-02,2019-12-02,1271.58,0,single_person,cancelled
00001005,FAM000692,2018-12-02,2019-12-02,1934.47,0,single_person,cancelled
00001006,FAM001048,2018-12-02,2019-12-02,2023.28,0,single_person,active
00001007,FAM000571,2018-12-03,2019-12-03,1703.92,0,single_person,cancelled
00001008,FAM000792,2018-12-03,2019-12-03,2449.35,0,single_person,active
00001009,FAM000460,2018-12-04,2019-12-04,1526.61,0,single_person,active
00001010,FAM000793,2018-12-04,2019-12-04,1585.56,0,single_person,cancelled
00001011,FAM000997,2018-12-04,2019-12-04,1127.6,0,single_person,cancelled
00001012,FAM000032,2018-12-05,2019-12-05,1682.35,0,single_person,active
00001013,FAM000052,2018-12-05,2019-12-05,1636.25,0,single_person,active
00001014,FAM000258,2018-12-05,2019-12-05,1546.4,0,single_person,active
00001015,FAM000662,2018-12-05,2019-12-05,1340.64,0,single_person,active
00001016,FAM000408,2018-12-06,2019-12-06,1434.79,0,single_person,active
00001017,FAM000411,2018-12-06,2019-12-06,2322.67,0,single_person,active
00001018,FAM000790,2018-12-06,2019-12-06,1604.39,0,single_person,cancelled
00001019,FAM000924,2018-12-06,2019-12-06,1335.9,0,single_person,active
00001020,FAM000319,2018-12-07,2019-12-07,3007.36,0,single_person,active
00001021,FAM000384,2018-12-07,2019-12-07,1696.46,0,single_person,active
00001022,FAM000524,2018-12-07,2019-12-07,1513.58,0,single_person,cancelled
00001023,FAM000034,2018-12-08,2019-12-08,1297.78,0,single_person,cancelled
00001024,FAM000328,2018-12-08,2019-12-08,1659.65,0,single_person,cancelled
00001025,FAM000364,2018-12-08,2019-12-08,1999.96,0,single_person,active
00001026,FAM000394,2018-12-08,2019-12-08,1939.9,0,single_person,cancelled
00001027,FAM000945,2018-12-08,2019-12-08,2102.54,0,single_person,active
00001028,FAM001068,2018-12-08,2019-12-08,2176.73,0,single_person,active
00001029,FAM000782,2018-12-09,2019-12-09,2000.09,0,single_person,active
00001030,FAM000949,2018-12-09,2019-12-09,2174.11,0,single_person,active
00001031,FAM000642,2018-12-10,2019-12-10,2562.58,0,single_person,active
00001032,FAM000954,2018-12-10,2019-12-10,1939.27,0,single_person,cancelled
00001033,FAM000114,2018-12-11,2019-12-11,1814.46,0,single_person,active
00001034,FAM000406,2018-12-11,2019-12-11,2050.67,0,single_person,active
00001035,FAM000417,2018-12-11,2019-12-11,1607.25,0,single_person,cancelled
00001036,FAM000454,2018-12-11,2019-12-11,2576.18,0,single_person,active
00001037,FAM000710,2018-12-11,2019-12-11,1253.56,0,single_person,active
00001038,FAM000760,2018-12-11,2019-12-11,1407.3,0,single_person,active
00001039,FAM000961,2018-12-11,2019-12-11,1084.99,0,single_person,cancelled
00001040,FAM001050,2018-12-11,2019-12-11,2124.2,0,single_person,active
00001041,FAM000338,2018-12-12,2019-12-12,2523.72,0,single_person,active
00001042,FAM000684,2018-12-12,2019-12-12,2345.52,0,single_person,active
00001043,FAM000101,2018-12-13,2019-12-13,1648.06,0,single_person,active
00001044,FAM000273,2018-12-13,2019-12-13,1788.23,0,single_person,cancelled
00001045,FAM001087,2018-12-13,2019-12-13,1638.7,0,single_person,cancelled
00001046,FAM000249,2018-12-14,2019-12-14,1719.54,0,single_person,active
00001047,FAM000297,2018-12-14,2019-12-14,2394.57,0,single_person,active
00001048,FAM000379,2018-12-14,2019-12-14,3008.29,0,single_person,active
00001049,FAM000532,2018-12-14,2019-12-14,2750.24,0,single_person,active
00001050,FAM000634,2018-12-14,2019-12-14,1965.97,0,single_person,active
00001051,FAM000718,2018-12-15,2019-12-15,1780.19,0,single_person,active
00001052,FAM000853,2018-12-15,2019-12-15,2349.15,0,single_person,active
00001053,FAM000886,2018-12-15,2019-12-15,1669.75,0,single_person,active
00001054,FAM000964,2018-12-15,2019-12-15,2652.37,0,single_person,active
00001055,FAM000198,2018-12-16,2019-12-16,2149.25,0,single_person,active
00001056,FAM000403,2018-12-16,2019-12-16,2302.88,0,single_person,cancelled
00001057,FAM000030,2018-12-17,2019-12-17,1951.91,0,single_person,active
00001058,FAM000151,2018-12-17,2019-12-17,1308.58,0,single_person,active
00001059,FAM000322,2018-12-17,2019-12-17,1539.2,0,single_person,active
00001060,FAM000702,2018-12-17,2019-12-17,1228.21,0,single_person,cancelled
00001061,FAM000995,2018-12-17,2019-12-17,1976.66,0,single_person,cancelled
00001062,FAM001052,2018-12-17,2019-12-17,2228.73,0,single_person,active
00001063,FAM000490,2018-12-18,2019-12-18,2332.25,0,single_person,active
00001064,FAM000597,2018-12-18,2019-12-18,1436.27,0,single_person,active
00001065,FAM000799,2018-12-18,2019-12-18,1667.28,0,single_person,active
00001066,FAM000214,2018-12-20,2019-12-20,3068.53,0,single_person,active
00001067,FAM000380,2018-12-20,2019-12-20,1551.2,0,single_person,cancelled
00001068,FAM000564,2018-12-20,2019-12-20,1455.14,0,single_person,cancelled
00001069,FAM001000,2018-12-20,2019-12-20,2203.77,0,single_person,active
00001070,FAM000010,2018-12-21,2019-12-21,1789.82,0,single_person,active
00001071,FAM000577,2018-12-21,2019-12-21,2017.6,0,single_person,active
00001072,FAM000812,2018-12-21,2019-12-21,2116.0,0,single_person,active
00001073,FAM000416,2018-12-22,2019-12-22,1212.83,0,single_person,cancelled
00001074,FAM000553,2018-12-22,2019-12-22,1773.79,0,single_person,active
00001075,FAM000565,2018-12-22,2019-12-22,1781.31,0,single_person,cancelled
00001076,FAM000677,2018-12-22,2019-12-22,1726.52,0,single_person,active
00001077,FAM000967,2018-12-22,2019-12-22,2083.85,0,single_person,active
00001078,FAM000414,2018-12-23,2019-12-23,1190.75,0,single_person,cancelled
00001079,FAM000431,2018-12-23,2019-12-23,2359.5,0,single_person,active
00001080,FAM000533,2018-12-23,2019-12-23,2618.97,0,single_person,cancelled
00001081,FAM000839,2018-12-23,2019-12-23,1890.77,0,single_person,active
00001082,FAM001100,2018-12-23,2019-12-23,2198.92,0,single_person,active
00001083,FAM000141,2018-12-24,2019-12-24,1505.22,0,single_person,active
00001084,FAM000788,2018-12-24,2019-12-24,2229.15,0,single_person,active
00001085,FAM000859,2018-12-24,2019-12-24,3029.44,0,single_person,active
00001086,FAM000324,2018-12-25,2019-12-25,1392.13,0,single_person,cancelled
00001087,FAM001026,2018-12-25,2019-12-25,2378.25,0,single_person,cancelled
00001088,FAM000276,2018-12-26,2019-12-26,1784.2,0,single_person,active
00001089,FAM000335,2018-12-26,2019-12-26,1673.55,0,single_person,active
00001090,FAM000579,2018-12-26,2019-12-26,1911.76,0,single_person,active
00001091,FAM000741,2018-12-26,2019-12-26,2167.39,0,single_person,active
00001092,FAM000018,2018-12-27,2019-12-27,1307.54,0,single_person,cancelled
00001093,FAM000556,2018-12-27,2019-12-27,1569.76,0,single_person,cancelled
00001094,FAM000912,2018-12-27,2019-12-27,1452.48,0,single_person,cancelled
00001095,FAM000088,2018-12-28,2019-12-28,1617.59,0,single_person,active
00001096,FAM000439,2018-12-28,2019-12-28,2533.1,0,single_person,active
00001097,FAM000270,2018-12-29,2019-12-29,2208.27,0,single_person,active
00001098,FAM000183,2018-12-30,2019-12-30,2423.52,0,single_person,active
00001099,FAM000193,2018-12-30,2019-12-30,1105.8,0,single_person,cancelled
00001100,FAM000362,2018-12-30,2019-12-30,1346.69,0,single_person,active
00001101,FAM000591,2018-12-30,2019-12-30,1480.24,0,single_person,cancelled
00001102,FAM000794,2018-12-31,2019-12-31,1780.16,0,single_person,active
00001103,FAM001002,2018-12-31,2019-12-31,2462.93,0,single_person,active
