vehicle_no,family_id,vin,vehicle_type,model_year,effective_date,status
01,FAM000047,VINFAM000047012016,Coupe,2016,2018-01-01,active
01,FAM000154,VINFAM000154012002,Wagon,2002,2018-01-01,removed
01,FAM000630,ZUZ9MRAM1GA52H5GR,Sports Car,2003,2018-01-01,active
01,FAM000772,VINFAM000772012017,Convertible,2017,2018-01-01,active
01,FAM000254,VINFAM000254012007,Convertible,2007,2018-01-02,active
01,FAM000108,VINFAM000108012016,Hatchback,2016,2018-01-03,active
01,FAM000681,VINFAM000681012008,SUV,2008,2018-01-03,active
01,FAM001081,VINFAM001081012007,Sports Car,2007,2018-01-03,active
01,FAM000230,VINFAM000230012012,Coupe,2012,2018-01-04,active
01,FAM000617,VINFAM000617012005,Coupe,2005,2018-01-04,active
01,FAM000827,VINFAM000827012012,Convertible,2012,2018-01-04,active
01,FAM000665,VINFAM000665012017,Coupe,2017,2018-01-05,active
01,FAM000716,VINFAM000716012004,Coupe,2004,2018-01-05,active
01,FAM000623,VINFAM000623012014,Wagon,2014,2018-01-06,removed
01,FAM000719,DYUBAMHM7DHRTVU3N,Coupe,2007,2018-01-06,active
01,FAM000106,VINFAM000106012017,Wagon,2017,2018-01-07,active
01,FAM000578,VINFAM000578012018,SUV,2018,2018-01-07,active
01,FAM000682,R6ZABJC41BSN4WKGH,Sports Car,2015,2018-01-07,active
01,FAM000960,GM98C9HK2UWDR7V3Y,Crossover,2006,2018-01-07,removed
01,FAM000066,77HG8ZKS2PP5JJWHZ,Wagon,2002,2018-01-08,active
01,FAM000413,F3RCD2CJ2P9PDW7TN,Truck,2008,2018-01-08,removed
01,FAM000569,VINFAM000569012006,Coupe,2006,2018-01-08,active
01,FAM000944,VINFAM000944012008,Minivan,2008,2018-01-08,active
01,FAM000070,VINFAM000070012012,Convertible,2012,2018-01-09,active
01,FAM000435,VINFAM000435012004,Truck,2004,2018-01-09,active
01,FAM000848,VINFAM000848012008,Sedan,2008,2018-01-09,removed
01,FAM000879,Y7HMW3AT36C56CV8R,Wagon,2013,2018-01-09,removed
01,FAM000337,VINFAM000337012010,Coupe,2010,2018-01-10,active
01,FAM000387,VINFAM000387012005,Convertible,2005,2018-01-10,removed
01,FAM000639,PF8Y5TJG6PHR26A7C,Sedan,2007,2018-01-10,active
01,FAM000958,VINFAM000958012004,Minivan,2004,2018-01-11,active
01,FAM001041,VINFAM001041012002,Truck,2002,2018-01-11,removed
01,FAM000250,VINFAM000250012015,Sedan,2015,2018-01-12,active
01,FAM000465,VINFAM000465012008,SUV,2008,2018-01-12,active
01,FAM000693,VINFAM000693012008,Sports Car,2008,2018-01-12,active
01,FAM000868,0T1DGJKV4KP5552HH,Sports Car,2003,2018-01-12,removed
01,FAM000877,SNV5G2V71A4437G70,Truck,2005,2018-01-12,removed
01,FAM001065,VINFAM001065012012,SUV,2012,2018-01-12,removed
01,FAM000537,VINFAM000537012012,Crossover,2012,2018-01-13,active
01,FAM000050,VINFAM000050012002,Crossover,2002,2018-01-14,active
01,FAM000222,VINFAM000222012005,Truck,2005,2018-01-14,active
01,FAM000485,ZKF2JBC61FSFYUUH7,Truck,2002,2018-01-14,removed
01,FAM000832,UZYJVRBJ08PSE9A4X,Coupe,2002,2018-01-14,active
01,FAM000089,VINFAM000089012015,Truck,2015,2018-01-15,removed
01,FAM000309,D63PUB3N6PUPLW20J,Sedan,2014,2018-01-15,removed
01,FAM000051,L4PW8Y4D3006WCPV6,Convertible,2005,2018-01-16,removed
01,FAM000317,VINFAM000317012006,Hatchback,2006,2018-01-16,removed
01,FAM000368,VINFAM000368012007,Hatchback,2007,2018-01-16,active
01,FAM000076,C0VBZW080Z77VUYZH,Minivan,2011,2018-01-17,removed
01,FAM000197,VINFAM000197012001,Truck,2001,2018-01-17,active
01,FAM000298,VINFAM000298012004,Hatchback,2004,2018-01-17,active
01,FAM000530,VINFAM000530012007,Convertible,2007,2018-01-17,active
01,FAM000711,VINFAM000711012016,Sedan,2016,2018-01-17,active
01,FAM000756,VINFAM000756012008,Crossover,2008,2018-01-17,active
01,FAM000527,RUZW6VWN0PK629JKZ,Convertible,2009,2018-01-18,removed
01,FAM000618,VINFAM000618012013,Coupe,2013,2018-01-18,active
01,FAM000899,VINFAM000899012014,Sedan,2014,2018-01-18,removed
01,FAM000008,VINFAM000008012016,Convertible,2016,2018-01-19,active
01,FAM000016,VINFAM000016012015,Coupe,2015,2018-01-19,removed
01,FAM000306,UAJ0UY382Z2M8EBEC,Minivan,2006,2018-01-19,active
01,FAM000116,ZWTP1G8W5RT6RU4AL,Sedan,2009,2018-01-20,removed
01,FAM000939,VINFAM000939012015,Minivan,2015,2018-01-20,active
01,FAM000990,VINFAM000990012004,Minivan,2004,2018-01-20,active
01,FAM000041,VINFAM000041012015,SUV,2015,2018-01-21,active
01,FAM000588,VINFAM000588012005,Truck,2005,2018-01-21,active
01,FAM000646,VINFAM000646012018,Truck,2018,2018-01-21,active
01,FAM000948,X0DHNS6X03FS7ZPZC,Crossover,2018,2018-01-21,removed
01,FAM000374,M58MVKBC562FK94J7,Coupe,2015,2018-01-22,active
01,FAM000657,C4JZ4MN50CTW5T3CH,Crossover,2003,2018-01-22,removed
01,FAM000798,6Y7DY7C69CKPF0GPS,Hatchback,2010,2018-01-22,removed
01,FAM000326,VINFAM000326012009,Wagon,2009,2018-01-23,removed
01,FAM000647,VINFAM000647012013,Hatchback,2013,2018-01-23,active
01,FAM000974,VINFAM000974012004,Wagon,2004,2018-01-23,active
01,FAM001042,M0H5DKPR89ZYUJHRH,Sedan,2006,2018-01-23,removed
01,FAM000371,VINFAM000371012012,Wagon,2012,2018-01-25,active
01,FAM001088,VINFAM001088012001,Hatchback,2001,2018-01-25,active
01,FAM000842,VINFAM000842012008,Truck,2008,2018-01-26,removed
01,FAM000930,W544BPJJ8ZFKZFG8B,Hatchback,2005,2018-01-26,removed
01,FAM001040,S3AHJCYJ62CCKLSFV,Hatchback,2008,2018-01-26,active
01,FAM000063,29VAYN6W1BCARR4SM,Sedan,2016,2018-01-27,removed
01,FAM000860,CD4PMG3U8GJDAPFPX,Crossover,2013,2018-01-27,removed
01,FAM000350,VINFAM000350012001,Coupe,2001,2018-01-28,active
01,FAM000433,VINFAM000433012010,SUV,2010,2018-01-28,active
01,FAM000619,T67J1SRH4X0JDP0KB,Minivan,2001,2018-01-28,removed
01,FAM000851,ZFTBUEL60932UW5SF,Minivan,2012,2018-01-28,removed
01,FAM001009,6AZV1GU42R5LSFHU8,Hatchback,2010,2018-01-28,active
01,FAM000483,MV7FXEY21C4WMAEKG,Crossover,2009,2018-01-29,removed
01,FAM000599,VINFAM000599012014,Truck,2014,2018-01-29,active
01,FAM000355,VINFAM000355012012,Sedan,2012,2018-01-30,active
01,FAM000480,VINFAM000480012017,Sedan,2017,2018-01-30,removed
01,FAM000044,PWGHRAV70EXTH32RW,Crossover,2009,2018-01-31,removed
01,FAM000082,VINFAM000082012015,Convertible,2015,2018-01-31,active
01,FAM000695,VINFAM000695012014,Convertible,2014,2018-01-31,active
01,FAM000870,VINFAM000870012007,Convertible,2007,2018-01-31,removed
01,FAM000882,VINFAM000882012014,Hatchback,2014,2018-01-31,active
01,FAM000885,VINFAM000885012002,Crossover,2002,2018-01-31,active
01,FAM000329,VINFAM000329012010,Sedan,2010,2018-02-01,active
01,FAM000389,VINFAM000389012004,Truck,2004,2018-02-01,removed
01,FAM000685,VINFAM000685012001,Coupe,2001,2018-02-01,removed
01,FAM001028,VINFAM001028012002,Coupe,2002,2018-02-01,active
01,FAM001033,VINFAM001033012005,Coupe,2005,2018-02-01,active
01,FAM000472,DSVWHDVN7CPT5LZ78,Convertible,2012,2018-02-02,active
01,FAM000487,VINFAM000487012015,SUV,2015,2018-02-03,removed
01,FAM000836,VINFAM000836012015,Truck,2015,2018-02-03,active
01,FAM000038,VINFAM000038012016,Crossover,2016,2018-02-04,active
01,FAM000223,VINFAM000223012012,Wagon,2012,2018-02-04,active
01,FAM000697,APT0DMGB0420MD37R,Crossover,2006,2018-02-04,active
01,FAM000043,W6LYXLCP8PL04S1LW,Wagon,2012,2018-02-05,removed
01,FAM000519,DNR98FEH6K8VSPGJ6,SUV,2017,2018-02-06,removed
01,FAM000675,U2HS0PPK8NJ7C9WS3,Convertible,2009,2018-02-06,removed
01,FAM000725,VINFAM000725012009,Wagon,2009,2018-02-06,active
01,FAM000923,VINFAM000923012014,Truck,2014,2018-02-06,active
01,FAM001070,VINFAM001070012016,Convertible,2016,2018-02-06,active
01,FAM001077,GREYSA7H6N3RDVCVD,Coupe,2014,2018-02-06,removed
01,FAM000363,VINFAM000363012009,Coupe,2009,2018-02-07,active
01,FAM000388,S0WHLTC09ZYYJDJB5,Coupe,2012,2018-02-07,removed
01,FAM001098,6R6UVHCB2Y7E0RMZ1,Sedan,2004,2018-02-07,removed
01,FAM000092,VINFAM000092012015,Sports Car,2015,2018-02-08,active
01,FAM000118,VINFAM000118012008,Truck,2008,2018-02-08,active
01,FAM000133,P81YVS1L5HFLKCVJB,Wagon,2007,2018-02-08,active
01,FAM000426,VINFAM000426012003,Sports Car,2003,2018-02-08,active
01,FAM000715,VINFAM000715012007,Hatchback,2007,2018-02-08,removed
01,FAM001075,VINFAM001075012010,Coupe,2010,2018-02-08,active
01,FAM000015,CDSHLL908FWNJC33P,Crossover,2004,2018-02-09,removed
01,FAM000178,VINFAM000178012010,Minivan,2010,2018-02-09,active
01,FAM000233,VINFAM000233012015,Truck,2015,2018-02-09,active
01,FAM000611,249BKS9V4L6RKSVG6,Convertible,2013,2018-02-09,removed
01,FAM000900,VINFAM000900012007,SUV,2007,2018-02-09,active
01,FAM000937,VINFAM000937012017,Convertible,2017,2018-02-09,removed
01,FAM000073,VINFAM000073012017,Sedan,2017,2018-02-10,removed
01,FAM000789,L81725D36D857RKMD,Sedan,2013,2018-02-11,removed
01,FAM000980,LMJFUYGA8EARL1LCF,Crossover,2010,2018-02-11,removed
01,FAM001032,VINFAM001032012018,SUV,2018,2018-02-11,active
01,FAM000056,VINFAM000056012008,Coupe,2008,2018-02-12,active
01,FAM000587,VINFAM000587012017,Sedan,2017,2018-02-12,removed
01,FAM000820,VINFAM000820012016,Coupe,2016,2018-02-12,active
01,FAM000175,PTKJAGD55MX5LUDAH,SUV,2002,2018-02-13,removed
01,FAM000185,VINFAM000185012003,Sports Car,2003,2018-02-13,removed
01,FAM000511,VINFAM000511012009,Truck,2009,2018-02-13,active
01,FAM000736,VINFAM000736012003,Hatchback,2003,2018-02-13,removed
01,FAM000228,VINFAM000228012017,Wagon,2017,2018-02-14,removed
01,FAM000512,VINFAM000512012009,Sports Car,2009,2018-02-14,active
01,FAM000615,57YFJNTE8PMGULFUL,Hatchback,2009,2018-02-14,removed
01,FAM000824,VINFAM000824012011,Minivan,2011,2018-02-14,active
01,FAM000856,VINFAM000856012015,Coupe,2015,2018-02-14,active
01,FAM001058,KF6EZRMX85J4FSCB9,Truck,2007,2018-02-14,removed
01,FAM000174,VINFAM000174012010,SUV,2010,2018-02-15,removed
01,FAM000348,VINFAM000348012015,Hatchback,2015,2018-02-15,active
01,FAM000423,VINFAM000423012012,Truck,2012,2018-02-15,removed
01,FAM000481,VINFAM000481012008,Wagon,2008,2018-02-15,active
01,FAM000932,1UW6ZCA45HC9R9U9H,Crossover,2005,2018-02-15,active
01,FAM000049,VINFAM000049012014,Crossover,2014,2018-02-17,active
01,FAM000400,603ESJX98TNVFU95B,Hatchback,2010,2018-02-17,removed
01,FAM000593,VINFAM000593012009,Wagon,2009,2018-02-17,active
01,FAM000962,AGC23UV528LRBKR62,Convertible,2009,2018-02-17,active
01,FAM000334,VINFAM000334012011,Coupe,2011,2018-02-18,active
01,FAM000495,VINFAM000495012001,Hatchback,2001,2018-02-18,active
01,FAM000544,VINFAM000544012013,Wagon,2013,2018-02-18,active
01,FAM000289,VINFAM000289012010,Hatchback,2010,2018-02-19,active
01,FAM000396,VINFAM000396012010,Truck,2010,2018-02-19,active
01,FAM000744,KF1AGBUF2WG0CHRYN,Sedan,2013,2018-02-19,removed
01,FAM000035,VINFAM000035012009,Truck,2009,2018-02-20,active
01,FAM000061,683D1WTW3EVVUSUG5,Coupe,2011,2018-02-20,removed
01,FAM000120,APBNPF265J87E72PJ,Convertible,2006,2018-02-20,active
01,FAM000281,VINFAM000281012017,Convertible,2017,2018-02-20,active
01,FAM000474,VINFAM000474012016,Sports Car,2016,2018-02-20,active
01,FAM001019,NA6AY70V70K19W3WJ,Sedan,2004,2018-02-20,removed
01,FAM000098,VINFAM000098012001,Minivan,2001,2018-02-21,active
01,FAM000119,R81WT8B670WH4ANDC,Truck,2004,2018-02-21,active
01,FAM000434,HWSUJRX60M03PUM1K,Coupe,2012,2018-02-21,removed
01,FAM000941,VINFAM000941012008,Coupe,2008,2018-02-21,active
01,FAM001085,VINFAM001085012002,Hatchback,2002,2018-02-21,active
01,FAM000055,VINFAM000055012014,Coupe,2014,2018-02-22,active
01,FAM000156,VINFAM000156012011,Convertible,2011,2018-02-22,active
01,FAM000441,VINFAM000441012007,Minivan,2007,2018-02-22,removed
01,FAM000648,VINFAM000648012018,Minivan,2018,2018-02-22,active
01,FAM000473,VINFAM000473012011,Truck,2011,2018-02-23,active
01,FAM000667,VINFAM000667012004,Crossover,2004,2018-02-23,removed
01,FAM000724,VINFAM000724012016,SUV,2016,2018-02-23,active
01,FAM000883,VINFAM000883012012,Minivan,2012,2018-02-23,active
01,FAM000933,Y61XRNG523XPRDA2E,Convertible,2016,2018-02-23,removed
01,FAM001102,VINFAM001102012001,Sports Car,2001,2018-02-23,active
01,FAM000173,VINFAM000173012012,Crossover,2012,2018-02-24,removed
01,FAM000367,VINFAM000367012005,Crossover,2005,2018-02-25,removed
01,FAM000386,K8EZT0NH0GXHFHXJ4,Wagon,2011,2018-02-25,active
01,FAM001099,6S2G3J7S7JXEGKB6P,Hatchback,2016,2018-02-25,removed
01,FAM000604,VINFAM000604012016,Crossover,2016,2018-02-26,active
01,FAM000660,VINFAM000660012006,Crossover,2006,2018-02-26,removed
01,FAM000749,M559KXCD1GRGC6KWZ,Minivan,2011,2018-02-26,removed
01,FAM000144,VINFAM000144012008,Sports Car,2008,2018-02-27,active
01,FAM000497,VINFAM000497012015,Minivan,2015,2018-02-27,active
01,FAM000501,VINFAM000501012012,Sedan,2012,2018-02-28,active
01,FAM000191,VINFAM000191012015,Wagon,2015,2018-03-01,removed
01,FAM000573,VINFAM000573012007,Coupe,2007,2018-03-01,active
01,FAM000982,VINFAM000982012003,Wagon,2003,2018-03-01,active
01,FAM000998,VINFAM000998012008,Coupe,2008,2018-03-01,active
01,FAM000011,VINFAM000011012008,Sports Car,2008,2018-03-02,active
01,FAM000727,NJMWBEYS678F843YL,Crossover,2005,2018-03-02,removed
01,FAM001003,VINFAM001003012017,Truck,2017,2018-03-02,active
01,FAM000606,VINFAM000606012011,Sports Car,2011,2018-03-03,active
01,FAM000009,VINFAM000009012005,Convertible,2005,2018-03-04,active
01,FAM000147,VINFAM000147012016,Convertible,2016,2018-03-04,active
01,FAM000412,U9C2E1FD50KEX6N9K,Hatchback,2004,2018-03-04,removed
01,FAM000706,VINFAM000706012012,Sports Car,2012,2018-03-04,active
01,FAM000707,9NC9AK8J5CFMGNDP7,Sedan,2004,2018-03-04,removed
01,FAM000029,VINFAM000029012002,Coupe,2002,2018-03-05,active
01,FAM000286,XC04SJ97818X3UPR7,Crossover,2004,2018-03-05,removed
01,FAM000539,VINFAM000539012004,SUV,2004,2018-03-05,removed
01,FAM000546,VINFAM000546012014,SUV,2014,2018-03-05,active
01,FAM000975,VINFAM000975012016,Coupe,2016,2018-03-05,removed
01,FAM001061,VINFAM001061012016,Wagon,2016,2018-03-05,active
01,FAM001089,ANND0DUF9HXEF2MUR,Hatchback,2007,2018-03-05,removed
01,FAM000471,VINFAM000471012013,Truck,2013,2018-03-06,active
01,FAM000620,VINFAM000620012012,Coupe,2012,2018-03-06,active
01,FAM000645,VINFAM000645012008,Minivan,2008,2018-03-06,active
01,FAM000808,VINFAM000808012002,Sports Car,2002,2018-03-06,removed
01,FAM001055,VINFAM001055012001,Crossover,2001,2018-03-06,active
01,FAM000489,VINFAM000489012014,Wagon,2014,2018-03-07,active
01,FAM000285,VINFAM000285012009,Hatchback,2009,2018-03-08,active
01,FAM000290,VINFAM000290012006,Sedan,2006,2018-03-08,active
01,FAM000687,H8D1ZW0S90J61BZMV,Wagon,2006,2018-03-08,active
01,FAM000743,VINFAM000743012010,Sports Car,2010,2018-03-08,active
01,FAM000136,VINFAM000136012006,Crossover,2006,2018-03-09,active
01,FAM000293,VINFAM000293012006,Sports Car,2006,2018-03-09,active
01,FAM000339,VINFAM000339012016,Convertible,2016,2018-03-09,active
01,FAM000534,7AUDUEZM0R5KDSPET,Convertible,2004,2018-03-09,removed
01,FAM000852,LBZUSSMC8L4A2GXZN,Crossover,2011,2018-03-10,removed
01,FAM000150,VINFAM000150012007,Truck,2007,2018-03-11,active
01,FAM000448,VINFAM000448012003,Truck,2003,2018-03-11,active
01,FAM000913,VINFAM000913012015,SUV,2015,2018-03-11,active
01,FAM000058,VINFAM000058012004,Crossover,2004,2018-03-12,active
01,FAM000236,VINFAM000236012001,Minivan,2001,2018-03-12,active
01,FAM000402,VINFAM000402012003,Sedan,2003,2018-03-12,active
01,FAM000516,VINFAM000516012001,Wagon,2001,2018-03-12,active
01,FAM000999,9DLP28W503Y9ERGCK,SUV,2015,2018-03-12,removed
01,FAM000303,VINFAM000303012002,Minivan,2002,2018-03-13,active
01,FAM000117,VINFAM000117012013,Coupe,2013,2018-03-14,active
01,FAM000469,VINFAM000469012006,SUV,2006,2018-03-14,active
01,FAM000813,3GNK42CL6SPG988SD,SUV,2016,2018-03-14,active
01,FAM000028,VINFAM000028012014,Truck,2014,2018-03-15,removed
01,FAM000538,E8ZT4JCY0HE81CKM5,Wagon,2001,2018-03-15,removed
01,FAM000768,VINFAM000768012017,Sports Car,2017,2018-03-15,removed
01,FAM000896,VINFAM000896012001,Crossover,2001,2018-03-15,active
01,FAM000201,VINFAM000201012008,Wagon,2008,2018-03-16,active
01,FAM000878,VINFAM000878012008,Convertible,2008,2018-03-16,removed
01,FAM000829,VINFAM000829012015,Truck,2015,2018-03-17,removed
01,FAM000245,VINFAM000245012005,SUV,2005,2018-03-18,active
01,FAM000345,VINFAM000345012010,Sedan,2010,2018-03-18,active
01,FAM000643,00RF63EP4H9RTKKVW,Coupe,2009,2018-03-18,removed
01,FAM000757,VINFAM000757012012,Wagon,2012,2018-03-18,active
01,FAM000780,EL0AZG5D382Z4NSJL,SUV,2014,2018-03-18,active
01,FAM000819,VINFAM000819012009,Sedan,2009,2018-03-18,active
01,FAM000264,VINFAM000264012012,Sedan,2012,2018-03-19,active
01,FAM000847,VINFAM000847012011,Coupe,2011,2018-03-19,removed
01,FAM000057,VINFAM000057012017,Minivan,2017,2018-03-20,active
01,FAM000381,HYJVU9013FTCGPX3L,Convertible,2016,2018-03-20,removed
01,FAM000585,VINFAM000585012010,SUV,2010,2018-03-20,active
01,FAM001091,VINFAM001091012013,Sedan,2013,2018-03-20,removed
01,FAM000436,VINFAM000436012005,Hatchback,2005,2018-03-21,active
01,FAM000850,TVMX77YJ9SWTL46AK,Minivan,2004,2018-03-21,active
01,FAM000557,VINFAM000557012008,Wagon,2008,2018-03-22,removed
01,FAM000742,VINFAM000742012002,Truck,2002,2018-03-22,active
01,FAM000775,VINFAM000775012015,Wagon,2015,2018-03-23,active
01,FAM001020,VINFAM001020012013,Convertible,2013,2018-03-23,active
01,FAM000160,G78YH50G2LV49JY78,Crossover,2016,2018-03-24,removed
01,FAM000243,VINFAM000243012004,SUV,2004,2018-03-24,removed
01,FAM000428,GU77B0UY81FNNH7TC,Coupe,2012,2018-03-24,removed
01,FAM000751,VINFAM000751012003,Wagon,2003,2018-03-24,active
01,FAM000450,CTS7EY6X1XPFDLW7G,Sedan,2016,2018-03-25,removed
01,FAM000486,YG8M3ABK8TEUTHMRW,Sports Car,2014,2018-03-25,removed
01,FAM000104,VINFAM000104012018,Crossover,2018,2018-03-26,active
01,FAM000132,LZHX71M94KML7YADU,Coupe,2017,2018-03-26,active
01,FAM000208,LCDA8PLA050V4S4DC,Truck,2011,2018-03-26,active
01,FAM000336,VINFAM000336012002,Coupe,2002,2018-03-26,removed
01,FAM000584,VINFAM000584012002,SUV,2002,2018-03-26,removed
01,FAM000325,VINFAM000325012006,Minivan,2006,2018-03-27,active
01,FAM000774,7NRESXUP9JJC7D24X,Sports Car,2016,2018-03-27,removed
01,FAM000562,VINFAM000562012008,SUV,2008,2018-03-28,active
01,FAM000694,VINFAM000694012011,Truck,2011,2018-03-28,active
01,FAM000714,VINFAM000714012009,SUV,2009,2018-03-28,active
01,FAM001054,T64F2WV48Z86G1X8N,Convertible,2017,2018-03-28,active
01,FAM000121,VINFAM000121012008,Hatchback,2008,2018-03-29,active
01,FAM000415,K5K98PY563F3MZ8AT,Coupe,2009,2018-03-29,removed
01,FAM000629,705B2S7628MHXVXJG,Convertible,2001,2018-03-29,active
01,FAM000811,T5BEL6NK6XTELWUM9,Truck,2010,2018-03-29,removed
01,FAM000973,Y627WP5J5J35XMY33,Minivan,2016,2018-03-29,active
01,FAM000981,VINFAM000981012007,Truck,2007,2018-03-29,active
01,FAM001056,VINFAM001056012008,Truck,2008,2018-03-29,active
01,FAM001093,R8X7DV8G9A8B88NN6,SUV,2003,2018-03-29,active
01,FAM000804,VINFAM000804012012,Convertible,2012,2018-03-30,active
01,FAM000137,VINFAM000137012002,Convertible,2002,2018-03-31,active
01,FAM000664,SKF597BW4YE90STWN,Sedan,2011,2018-03-31,active
01,FAM000919,996RE2072H3LPCLAV,Wagon,2010,2018-03-31,removed
01,FAM001007,VINFAM001007012012,Convertible,2012,2018-03-31,active
01,FAM000268,VINFAM000268012009,Wagon,2009,2018-04-01,active
01,FAM000424,A878WG6Z0HAPB314V,SUV,2015,2018-04-01,active
01,FAM000284,VINFAM000284012007,Truck,2007,2018-04-02,active
01,FAM000831,VINFAM000831012006,SUV,2006,2018-04-02,active
01,FAM000943,2KHC965567SM6CE8L,Minivan,2012,2018-04-02,removed
01,FAM000421,VINFAM000421012018,Sports Car,2018,2018-04-03,active
01,FAM000708,VINFAM000708012014,Truck,2014,2018-04-03,active
01,FAM000887,VINFAM000887012008,Minivan,2008,2018-04-03,active
01,FAM000064,VINFAM000064012012,Wagon,2012,2018-04-04,active
01,FAM000484,VINFAM000484012004,Coupe,2004,2018-04-04,active
01,FAM000739,VINFAM000739012014,Coupe,2014,2018-04-04,active
01,FAM000942,VINFAM000942012008,Sedan,2008,2018-04-04,removed
01,FAM000039,VINFAM000039012016,Hatchback,2016,2018-04-05,removed
01,FAM000321,VINFAM000321012002,Convertible,2002,2018-04-05,active
01,FAM000822,VINFAM000822012010,Wagon,2010,2018-04-05,active
01,FAM000921,VINFAM000921012001,Truck,2001,2018-04-05,active
01,FAM001012,A2UMJCX03J1TURXMK,Truck,2010,2018-04-05,removed
01,FAM000077,0525136Z8550ZKU4U,Sports Car,2014,2018-04-06,removed
01,FAM000279,VINFAM000279012005,Minivan,2005,2018-04-06,removed
01,FAM000369,VINFAM000369012013,SUV,2013,2018-04-06,active
01,FAM000514,VINFAM000514012007,Truck,2007,2018-04-06,removed
01,FAM000352,VINFAM000352012014,Sports Car,2014,2018-04-08,removed
01,FAM000926,VINFAM000926012012,Minivan,2012,2018-04-08,active
01,FAM000287,VINFAM000287012013,Sedan,2013,2018-04-09,removed
01,FAM000308,JB0ZUJM602TWYXMJF,Coupe,2011,2018-04-09,removed
01,FAM000462,8FVD7PY62B1LGTSAM,Coupe,2018,2018-04-09,active
01,FAM000745,VINFAM000745012016,Truck,2016,2018-04-09,removed
01,FAM000769,VINFAM000769012003,Wagon,2003,2018-04-09,removed
01,FAM000801,VINFAM000801012015,Minivan,2015,2018-04-09,removed
01,FAM000020,VINFAM000020012007,SUV,2007,2018-04-10,removed
01,FAM000547,VINFAM000547012017,Truck,2017,2018-04-10,removed
01,FAM000731,6HKKZSFF0XTSMCCC5,Sports Car,2004,2018-04-10,removed
01,FAM000773,VINFAM000773012017,SUV,2017,2018-04-10,active
01,FAM000093,VINFAM000093012018,Crossover,2018,2018-04-11,active
01,FAM000459,VINFAM000459012009,Hatchback,2009,2018-04-12,active
01,FAM000508,VINFAM000508012011,Crossover,2011,2018-04-12,active
01,FAM000800,VINFAM000800012016,Coupe,2016,2018-04-12,active
01,FAM000988,VINFAM000988012015,Hatchback,2015,2018-04-12,active
01,FAM001046,VINFAM001046012016,Coupe,2016,2018-04-12,active
01,FAM000561,UMKA3CNN14V50R35W,Wagon,2009,2018-04-13,removed
01,FAM000614,V5K65CLW1UAFAVX0L,Convertible,2009,2018-04-13,removed
01,FAM000729,VINFAM000729012009,Wagon,2009,2018-04-13,active
01,FAM000786,VINFAM000786012011,Truck,2011,2018-04-13,active
01,FAM000461,VINFAM000461012002,Sedan,2002,2018-04-14,active
01,FAM000099,VINFAM000099012008,Crossover,2008,2018-04-15,removed
01,FAM000764,VINFAM000764012013,Wagon,2013,2018-04-15,active
01,FAM000915,VINFAM000915012010,Coupe,2010,2018-04-15,active
01,FAM000499,VINFAM000499012002,Truck,2002,2018-04-16,active
01,FAM000732,4DK052L729PF6G1UX,Truck,2005,2018-04-16,removed
01,FAM000843,VINFAM000843012015,Wagon,2015,2018-04-16,active
01,FAM000752,XCV9V66212KJWS2C1,Crossover,2016,2018-04-17,active
01,FAM001080,KVZH8UK86X9DFML70,Sedan,2012,2018-04-17,removed
01,FAM000845,VINFAM000845012003,SUV,2003,2018-04-18,active
01,FAM000911,VINFAM000911012009,Hatchback,2009,2018-04-18,active
01,FAM000393,9MRBYWTS3L0JAS2BF,Sports Car,2008,2018-04-19,active
01,FAM000809,N8S6YZVH4CFZKVH6B,Wagon,2017,2018-04-19,removed
01,FAM000330,JWAUKK5N3H67L9HL6,Crossover,2010,2018-04-20,removed
01,FAM000525,VINFAM000525012008,Sports Car,2008,2018-04-20,active
01,FAM000621,VINFAM000621012009,Sedan,2009,2018-04-20,removed
01,FAM000046,7GB4JY458D77HMDCN,Truck,2005,2018-04-22,removed
01,FAM000187,TZZ5WNFY74HBXAAAN,Minivan,2016,2018-04-22,active
01,FAM000341,VINFAM000341012014,Wagon,2014,2018-04-22,removed
01,FAM000818,VINFAM000818012007,Convertible,2007,2018-04-22,active
01,FAM000992,WZALJKZR8L82DG02Y,Minivan,2003,2018-04-22,active
01,FAM000502,CZAF3KL4341YF6AN4,Wagon,2012,2018-04-23,removed
01,FAM000601,VINFAM000601012005,Hatchback,2005,2018-04-23,active
01,FAM000750,VINFAM000750012001,Crossover,2001,2018-04-23,removed
01,FAM001053,VINFAM001053012013,Minivan,2013,2018-04-23,active
01,FAM000045,VINFAM000045012017,Sedan,2017,2018-04-24,removed
01,FAM000139,VINFAM000139012003,Sedan,2003,2018-04-24,active
01,FAM000199,VINFAM000199012011,Hatchback,2011,2018-04-24,removed
01,FAM000656,VINFAM000656012012,Crossover,2012,2018-04-24,active
01,FAM000916,H8DPU9MJ1LCWKJVN1,Coupe,2012,2018-04-24,removed
01,FAM000500,VINFAM000500012009,SUV,2009,2018-04-25,removed
01,FAM000891,VINFAM000891012014,Wagon,2014,2018-04-25,active
01,FAM000985,VINFAM000985012015,Hatchback,2015,2018-04-25,active
01,FAM000318,VINFAM000318012012,Wagon,2012,2018-04-26,active
01,FAM000488,VINFAM000488012013,Crossover,2013,2018-04-26,active
01,FAM001083,VINFAM001083012018,Sedan,2018,2018-04-26,active
01,FAM000231,RPWTAXL77EVGRHZ7G,SUV,2001,2018-04-27,active
01,FAM000332,VINFAM000332012001,Truck,2001,2018-04-27,removed
01,FAM000356,VINFAM000356012002,Hatchback,2002,2018-04-27,removed
01,FAM000946,VINFAM000946012004,Wagon,2004,2018-04-27,active
01,FAM000115,VINFAM000115012015,Minivan,2015,2018-04-28,active
01,FAM000940,VINFAM000940012018,Minivan,2018,2018-04-28,active
01,FAM000074,VINFAM000074012012,Convertible,2012,2018-04-29,active
01,FAM000283,VINFAM000283012008,Sports Car,2008,2018-04-29,active
01,FAM000637,VINFAM000637012006,Convertible,2006,2018-04-29,removed
01,FAM000709,VINFAM000709012001,Wagon,2001,2018-04-29,active
01,FAM000025,RBFP5MDA8ZHSKABKB,Hatchback,2004,2018-04-30,active
01,FAM000164,VINFAM000164012017,Coupe,2017,2018-05-01,active
01,FAM000182,VINFAM000182012006,Sedan,2006,2018-05-01,active
01,FAM000608,1F7YZTN64VPA1C642,Coupe,2005,2018-05-01,removed
01,FAM000395,VINFAM000395012006,Hatchback,2006,2018-05-02,active
01,FAM000429,VINFAM000429012009,Sports Car,2009,2018-05-02,active
01,FAM000447,5Y3LT9WJ3G6ZVVUN6,Hatchback,2018,2018-05-02,active
01,FAM000550,VINFAM000550012016,Minivan,2016,2018-05-02,active
01,FAM001015,WAJSKD8D6BMMGNXBB,Sports Car,2005,2018-05-02,removed
01,FAM001036,VINFAM001036012007,Crossover,2007,2018-05-02,removed
01,FAM000149,VINFAM000149012018,Convertible,2018,2018-05-03,removed
01,FAM000442,VINFAM000442012009,Coupe,2009,2018-05-03,active
01,FAM000979,VINFAM000979012016,Sedan,2016,2018-05-03,active
01,FAM000221,VINFAM000221012011,Minivan,2011,2018-05-05,active
01,FAM000323,VINFAM000323012002,Hatchback,2002,2018-05-05,active
01,FAM001097,A2GTRBLZ0W7DR1KRN,Minivan,2005,2018-05-05,removed
01,FAM000239,VINFAM000239012003,Minivan,2003,2018-05-06,active
01,FAM000418,VINFAM000418012016,SUV,2016,2018-05-06,active
01,FAM000477,W22SBEYZ0G7RGFB20,Crossover,2012,2018-05-06,removed
01,FAM000603,VINFAM000603012018,Truck,2018,2018-05-06,removed
01,FAM000670,79N1SH732S9ZU17P3,Truck,2018,2018-05-06,active
01,FAM000728,VINFAM000728012003,Convertible,2003,2018-05-06,active
01,FAM001059,VINFAM001059012004,SUV,2004,2018-05-06,active
01,FAM000040,VINFAM000040012002,Crossover,2002,2018-05-07,active
01,FAM000075,VINFAM000075012018,Convertible,2018,2018-05-07,active
01,FAM000327,VINFAM000327012007,Sedan,2007,2018-05-07,removed
01,FAM000679,VINFAM000679012016,Wagon,2016,2018-05-07,removed
01,FAM000781,VINFAM000781012004,Coupe,2004,2018-05-07,active
01,FAM000892,VINFAM000892012002,Convertible,2002,2018-05-07,removed
01,FAM000314,VINFAM000314012013,Truck,2013,2018-05-08,active
01,FAM000659,VINFAM000659012018,Sedan,2018,2018-05-08,active
01,FAM000678,VINFAM000678012002,Sedan,2002,2018-05-08,removed
01,FAM000783,F6GK89ML0H2TMB377,Truck,2010,2018-05-08,removed
01,FAM000048,VINFAM000048012005,Convertible,2005,2018-05-09,active
01,FAM000259,VINFAM000259012018,Truck,2018,2018-05-09,active
01,FAM000333,VINFAM000333012007,Hatchback,2007,2018-05-09,active
01,FAM000568,VINFAM000568012017,SUV,2017,2018-05-09,removed
01,FAM000582,VINFAM000582012017,Crossover,2017,2018-05-09,active
01,FAM000491,VINFAM000491012008,Hatchback,2008,2018-05-10,active
01,FAM001060,0ZMRZN8Z6Y3WJECBV,Hatchback,2006,2018-05-10,removed
01,FAM000005,VINFAM000005012009,SUV,2009,2018-05-11,active
01,FAM000784,VINFAM000784012009,Sedan,2009,2018-05-11,active
01,FAM000855,VINFAM000855012008,Wagon,2008,2018-05-11,active
01,FAM000875,BN7ZN9EP5TV7UR7T5,SUV,2017,2018-05-11,removed
01,FAM000238,KRHLUYY399M60WWY0,Convertible,2004,2018-05-12,removed
01,FAM000605,VINFAM000605012004,Sedan,2004,2018-05-12,active
01,FAM001086,VINFAM001086012011,Hatchback,2011,2018-05-12,active
01,FAM000644,VINFAM000644012010,SUV,2010,2018-05-13,active
01,FAM000676,VINFAM000676012003,Convertible,2003,2018-05-13,active
01,FAM000825,VINFAM000825012009,Convertible,2009,2018-05-13,active
01,FAM000938,ZKU5UVCM2J7ST36WR,Truck,2006,2018-05-13,active
01,FAM000965,VINFAM000965012015,Coupe,2015,2018-05-13,active
01,FAM001095,FS6K8WLF1G9YY7FGL,Sports Car,2016,2018-05-13,active
01,FAM000224,0ASTEVYB6FUPVXXBL,Sedan,2007,2018-05-14,active
01,FAM000555,VINFAM000555012005,Minivan,2005,2018-05-14,removed
01,FAM000616,HZHMZANB6NKA0LBHR,Truck,2001,2018-05-14,active
01,FAM000631,VINFAM000631012012,Sports Car,2012,2018-05-14,active
01,FAM000666,VINFAM000666012003,Convertible,2003,2018-05-14,removed
01,FAM000672,VINFAM000672012016,Convertible,2016,2018-05-14,active
01,FAM000721,Z73VEFBJ68WHR2H7T,Convertible,2013,2018-05-14,removed
01,FAM000080,VINFAM000080012018,Truck,2018,2018-05-15,active
01,FAM000212,VINFAM000212012016,SUV,2016,2018-05-15,active
01,FAM000217,VINFAM000217012004,SUV,2004,2018-05-15,active
01,FAM000902,VINFAM000902012011,Coupe,2011,2018-05-15,active
01,FAM000966,VINFAM000966012010,Sedan,2010,2018-05-15,active
01,FAM000370,VINFAM000370012018,Crossover,2018,2018-05-16,active
01,FAM000770,ULCGZALY5UCJSVWT1,Convertible,2005,2018-05-16,active
01,FAM000828,VINFAM000828012018,Wagon,2018,2018-05-16,active
01,FAM000830,VINFAM000830012005,Minivan,2005,2018-05-16,active
01,FAM001016,VINFAM001016012015,SUV,2015,2018-05-16,removed
01,FAM000445,29HT5B873V074S0WE,Truck,2015,2018-05-17,removed
01,FAM000507,VINFAM000507012015,Hatchback,2015,2018-05-17,removed
01,FAM000545,DR9W4PJP6EFZK2GTR,Hatchback,2016,2018-05-17,removed
01,FAM000628,VINFAM000628012014,Sedan,2014,2018-05-17,active
01,FAM000640,VINFAM000640012014,Convertible,2014,2018-05-17,active
01,FAM000977,WTC6T7MF5K05LSC7G,Sports Car,2007,2018-05-17,active
01,FAM001001,VINFAM001001012002,Sports Car,2002,2018-05-17,removed
01,FAM000109,8CN7PF2Z902F7VMJX,Sedan,2007,2018-05-18,removed
01,FAM000134,VINFAM000134012014,Crossover,2014,2018-05-18,active
01,FAM000897,A54Y9S3C8DC5WL9VZ,Wagon,2009,2018-05-18,removed
01,FAM000026,VINFAM000026012011,Coupe,2011,2018-05-19,active
01,FAM000204,VINFAM000204012001,Minivan,2001,2018-05-19,active
01,FAM000296,VINFAM000296012002,Sports Car,2002,2018-05-19,removed
01,FAM000342,CUZR9BR1116SJB3B8,Coupe,2008,2018-05-19,removed
01,FAM000734,VINFAM000734012010,Sports Car,2010,2018-05-19,active
01,FAM001011,VINFAM001011012001,Sports Car,2001,2018-05-19,active
01,FAM000256,VINFAM000256012005,Sedan,2005,2018-05-20,active
01,FAM000559,VINFAM000559012014,Sports Car,2014,2018-05-20,active
01,FAM000717,VINFAM000717012012,Sedan,2012,2018-05-20,removed
01,FAM000867,0K4GG8730PK4JRZKK,Sedan,2009,2018-05-20,removed
01,FAM000956,VINFAM000956012001,Convertible,2001,2018-05-20,active
01,FAM001030,CWS3HB4M2C2MC3KSB,Truck,2010,2018-05-20,removed
01,FAM000113,VINFAM000113012017,Sports Car,2017,2018-05-21,removed
01,FAM000252,LKND3YT73SRM0A844,Convertible,2016,2018-05-21,active
01,FAM000398,VINFAM000398012012,Minivan,2012,2018-05-21,removed
01,FAM000310,VINFAM000310012001,Wagon,2001,2018-05-22,active
01,FAM001037,VINFAM001037012018,Hatchback,2018,2018-05-22,active
01,FAM000165,VINFAM000165012008,Sports Car,2008,2018-05-23,active
01,FAM001079,VINFAM001079012010,Crossover,2010,2018-05-24,active
01,FAM000274,XWKGJDZL5G419WWM0,SUV,2008,2018-05-26,active
01,FAM000927,VINFAM000927012006,Truck,2006,2018-05-26,active
01,FAM000107,VINFAM000107012016,Hatchback,2016,2018-05-27,active
01,FAM000602,E0D6X4SS67ZRPJBVL,Hatchback,2014,2018-05-27,removed
01,FAM000349,VINFAM000349012010,Truck,2010,2018-05-28,active
01,FAM000125,VINFAM000125012007,SUV,2007,2018-05-29,removed
01,FAM000351,7YDHK6C73DUPPKLFE,Sports Car,2005,2018-05-29,active
01,FAM000558,VINFAM000558012012,Sports Car,2012,2018-05-29,removed
01,FAM000036,VINFAM000036012016,Wagon,2016,2018-05-30,active
01,FAM000443,VINFAM000443012017,Wagon,2017,2018-05-30,active
01,FAM000872,VINFAM000872012015,SUV,2015,2018-05-30,active
01,FAM000430,VINFAM000430012011,Convertible,2011,2018-05-31,active
01,FAM000898,VINFAM000898012003,Truck,2003,2018-05-31,removed
01,FAM001057,VINFAM001057012014,Sports Car,2014,2018-05-31,active
01,FAM000220,YYZPR4RX6TH1P8EPM,SUV,2007,2018-06-01,removed
01,FAM000292,VINFAM000292012015,Sports Car,2015,2018-06-02,active
01,FAM000747,B659P0KR8M9L89NE6,Convertible,2014,2018-06-02,active
01,FAM000861,VINFAM000861012007,SUV,2007,2018-06-02,active
01,FAM000466,M825MH3M437V1YP09,Truck,2006,2018-06-03,removed
01,FAM000936,T9A0RG412TFMV5UC7,Minivan,2005,2018-06-03,removed
01,FAM000410,T3631NE40VMD2CM76,Truck,2018,2018-06-04,removed
01,FAM000506,VINFAM000506012016,Coupe,2016,2018-06-04,active
01,FAM000796,VINFAM000796012017,Hatchback,2017,2018-06-04,active
01,FAM001021,VINFAM001021012009,Hatchback,2009,2018-06-04,active
01,FAM000163,VINFAM000163012012,Wagon,2012,2018-06-05,removed
01,FAM000401,WS6VSCL21CS95FFA6,Sedan,2017,2018-06-05,removed
01,FAM000135,VINFAM000135012014,Wagon,2014,2018-06-06,active
01,FAM000753,VINFAM000753012003,Hatchback,2003,2018-06-06,removed
01,FAM001031,VINFAM001031012003,Wagon,2003,2018-06-06,active
01,FAM000209,2P7V7MLJ6M10YYY1D,Hatchback,2005,2018-06-07,active
01,FAM000901,VINFAM000901012009,Coupe,2009,2018-06-07,removed
01,FAM000479,VINFAM000479012018,Hatchback,2018,2018-06-08,active
01,FAM000698,VINFAM000698012013,Convertible,2013,2018-06-08,active
01,FAM000969,VINFAM000969012005,Minivan,2005,2018-06-08,active
01,FAM000235,VINFAM000235012011,SUV,2011,2018-06-09,active
01,FAM000282,XDP4UMBV4KKA2NEKE,Minivan,2012,2018-06-09,removed
01,FAM000463,VINFAM000463012014,Truck,2014,2018-06-09,active
01,FAM000476,VINFAM000476012014,Coupe,2014,2018-06-09,active
01,FAM000755,VINFAM000755012011,Sedan,2011,2018-06-09,active
01,FAM000509,02XLXHMT4K8H5PEC4,Convertible,2011,2018-06-10,removed
01,FAM000871,VINFAM000871012016,Minivan,2016,2018-06-10,removed
01,FAM000069,YW7PWP2H8XM9GBXPT,Coupe,2009,2018-06-11,removed
01,FAM000691,VINFAM000691012009,Crossover,2009,2018-06-11,removed
01,FAM000766,VINFAM000766012008,Coupe,2008,2018-06-11,removed
01,FAM001039,VINFAM001039012017,Truck,2017,2018-06-11,active
01,FAM000226,VINFAM000226012016,Truck,2016,2018-06-12,active
01,FAM000357,DPU08KB687M2HDWW3,SUV,2003,2018-06-12,active
01,FAM000452,VINFAM000452012006,SUV,2006,2018-06-12,removed
01,FAM001090,VWFCN5LN8NVAJ1W07,Sedan,2002,2018-06-12,removed
01,FAM000153,GZX0GJK043LV0XBCG,Crossover,2008,2018-06-13,removed
01,FAM000910,VINFAM000910012010,Hatchback,2010,2018-06-13,active
01,FAM000987,VINFAM000987012008,Sedan,2008,2018-06-14,active
01,FAM000094,RE68A8CU3E4VYCFF6,Sports Car,2007,2018-06-16,active
01,FAM001074,VINFAM001074012007,Hatchback,2007,2018-06-16,active
01,FAM000453,VINFAM000453012018,Hatchback,2018,2018-06-17,active
01,FAM000096,0Y58U97H51Y96BHDX,Truck,2016,2018-06-18,removed
01,FAM000257,9T9L1HES1FL8DLNAJ,Sports Car,2009,2018-06-18,removed
01,FAM000373,VINFAM000373012007,Truck,2007,2018-06-18,active
01,FAM000404,VINFAM000404012002,Truck,2002,2018-06-18,removed
01,FAM001010,VINFAM001010012007,SUV,2007,2018-06-18,active
01,FAM000260,VINFAM000260012001,Sedan,2001,2018-06-19,active
01,FAM000409,VINFAM000409012003,Minivan,2003,2018-06-19,removed
01,FAM000826,VINFAM000826012016,Sports Car,2016,2018-06-19,active
01,FAM000846,9H7F3GBG2TYA51FUF,Hatchback,2001,2018-06-19,active
01,FAM000849,VINFAM000849012004,Convertible,2004,2018-06-19,removed
01,FAM000909,VINFAM000909012004,SUV,2004,2018-06-19,active
01,FAM001008,VINFAM001008012008,SUV,2008,2018-06-19,active
01,FAM000612,VINFAM000612012003,Coupe,2003,2018-06-20,active
01,FAM001014,VINFAM001014012016,Hatchback,2016,2018-06-20,active
01,FAM001076,VINFAM001076012015,Hatchback,2015,2018-06-20,removed
01,FAM001049,SJU1EPZ97VVMCPG81,Crossover,2005,2018-06-21,removed
01,FAM000037,VINFAM000037012006,Truck,2006,2018-06-22,active
01,FAM000062,KLJK2YTW9JKC4Y1HP,Sedan,2008,2018-06-22,removed
01,FAM000570,VINFAM000570012005,Coupe,2005,2018-06-22,active
01,FAM001044,VINFAM001044012012,Coupe,2012,2018-06-22,active
01,FAM000266,VINFAM000266012005,Wagon,2005,2018-06-23,active
01,FAM000377,VINFAM000377012009,Wagon,2009,2018-06-23,active
01,FAM000971,56LETK027W34PHT62,Truck,2008,2018-06-23,removed
01,FAM000123,VINFAM000123012012,Convertible,2012,2018-06-24,active
01,FAM000444,VINFAM000444012015,Sedan,2015,2018-06-25,active
01,FAM000633,VINFAM000633012013,Sedan,2013,2018-06-25,removed
01,FAM000068,1FAJR07Z64UWA3BVA,Hatchback,2010,2018-06-26,removed
01,FAM000738,VINFAM000738012013,SUV,2013,2018-06-26,removed
01,FAM000168,VINFAM000168012018,Crossover,2018,2018-06-27,active
01,FAM000625,WVJP7C1X9TFNGZWA1,Coupe,2016,2018-06-27,removed
01,FAM000807,VINFAM000807012016,Coupe,2016,2018-06-27,active
01,FAM000007,VINFAM000007012008,Hatchback,2008,2018-06-28,active
01,FAM000027,VINFAM000027012002,Minivan,2002,2018-06-28,active
01,FAM000735,VINFAM000735012017,Coupe,2017,2018-06-28,active
01,FAM000271,VINFAM000271012018,Truck,2018,2018-06-29,active
01,FAM000001,VINFAM000001012002,Convertible,2002,2018-06-30,active
01,FAM000171,VINFAM000171012017,Minivan,2017,2018-06-30,active
01,FAM000392,VINFAM000392012002,SUV,2002,2018-06-30,removed
01,FAM000595,VINFAM000595012009,Wagon,2009,2018-06-30,active
01,FAM000440,TESAYY516491H6FVP,Wagon,2011,2018-07-02,active
01,FAM000449,VINFAM000449012011,Sports Car,2011,2018-07-02,removed
01,FAM000607,VINFAM000607012015,Crossover,2015,2018-07-02,active
01,FAM000844,HHCPZWDC0P6A87S8U,Convertible,2002,2018-07-02,active
01,FAM000914,D07319JU6S5FLKX8T,Coupe,2017,2018-07-02,removed
01,FAM000078,BPJLBWKD1EV3TZ8FU,Crossover,2017,2018-07-03,active
01,FAM000723,VINFAM000723012015,Hatchback,2015,2018-07-03,active
01,FAM000834,VINFAM000834012006,Minivan,2006,2018-07-04,removed
01,FAM000272,VINFAM000272012001,SUV,2001,2018-07-05,removed
01,FAM000690,P8M6R4AE6LES53A48,Wagon,2002,2018-07-05,active
01,FAM000906,VINFAM000906012015,Minivan,2015,2018-07-05,active
01,FAM001022,VINFAM001022012002,Truck,2002,2018-07-05,active
01,FAM000669,VINFAM000669012009,Sedan,2009,2018-07-06,active
01,FAM000993,DDU7SM725SXAYRR69,Convertible,2001,2018-07-06,removed
01,FAM000955,39DYDF9M1M1K7RGZW,Sedan,2018,2018-07-07,removed
01,FAM000253,VINFAM000253012005,Sedan,2005,2018-07-08,active
01,FAM000876,VINFAM000876012004,Coupe,2004,2018-07-08,active
01,FAM000983,VINFAM000983012013,Coupe,2013,2018-07-08,active
01,FAM000361,VINFAM000361012007,Convertible,2007,2018-07-09,removed
01,FAM000422,VINFAM000422012018,Truck,2018,2018-07-09,active
01,FAM000596,K0K2HVY696GR54MPA,SUV,2001,2018-07-09,removed
01,FAM001069,VINFAM001069012011,Crossover,2011,2018-07-09,removed
01,FAM000079,VINFAM000079012004,Hatchback,2004,2018-07-10,active
01,FAM000305,VINFAM000305012005,Hatchback,2005,2018-07-11,active
01,FAM000737,VINFAM000737012014,Sports Car,2014,2018-07-11,active
01,FAM000805,VINFAM000805012011,Crossover,2011,2018-07-11,active
01,FAM001005,VINFAM001005012011,SUV,2011,2018-07-11,active
01,FAM000021,VINFAM000021012016,Wagon,2016,2018-07-12,active
01,FAM000060,VINFAM000060012011,Sedan,2011,2018-07-12,removed
01,FAM000315,VINFAM000315012004,Convertible,2004,2018-07-12,active
01,FAM000097,VINFAM000097012017,Truck,2017,2018-07-13,active
01,FAM000129,WM1Z0T1B8UK9UGJR6,Wagon,2018,2018-07-13,active
01,FAM000304,VINFAM000304012008,SUV,2008,2018-07-14,active
01,FAM000385,VINFAM000385012015,Hatchback,2015,2018-07-14,active
01,FAM000758,VINFAM000758012015,Hatchback,2015,2018-07-14,active
01,FAM000188,VINFAM000188012012,Hatchback,2012,2018-07-15,removed
01,FAM000248,M91JTPHE8FSWS6A08,Wagon,2008,2018-07-15,removed
01,FAM000311,RK4K8KXP2AHWKTUB8,Hatchback,2016,2018-07-15,active
01,FAM000344,2TS9PGDX99KRCBZTR,SUV,2014,2018-07-15,removed
01,FAM000482,VINFAM000482012014,Coupe,2014,2018-07-15,active
01,FAM000632,MD3A2VPJ2T4S5V1S6,Hatchback,2002,2018-07-15,removed
01,FAM000761,H8C9BUM97NYNAZG9W,Coupe,2006,2018-07-15,active
01,FAM000366,VINFAM000366012002,Convertible,2002,2018-07-17,removed
01,FAM000468,81EBJBVG93MU2W49B,Crossover,2008,2018-07-17,active
01,FAM000889,VINFAM000889012001,Sports Car,2001,2018-07-17,active
01,FAM000111,UFGCWPER9D1JG8CUR,Crossover,2004,2018-07-18,active
01,FAM000215,VINFAM000215012014,Hatchback,2014,2018-07-18,active
01,FAM000313,YKK9112M82J4SU0Z7,Sedan,2013,2018-07-18,removed
01,FAM000438,VINFAM000438012012,Hatchback,2012,2018-07-18,active
01,FAM000086,VINFAM000086012013,Convertible,2013,2018-07-19,active
01,FAM000263,VINFAM000263012018,Wagon,2018,2018-07-19,removed
01,FAM000626,7UN5LW2412D84GPU0,Coupe,2004,2018-07-19,removed
01,FAM000863,VINFAM000863012005,Truck,2005,2018-07-19,active
01,FAM000269,TZPMYYF985TW0H4TM,Sedan,2010,2018-07-20,removed
01,FAM000658,VINFAM000658012013,Coupe,2013,2018-07-20,removed
01,FAM000841,MED6P1NJ5XR25BHZH,Sedan,2016,2018-07-20,removed
01,FAM000540,VINFAM000540012006,Wagon,2006,2018-07-22,active
01,FAM000950,VINFAM000950012009,Hatchback,2009,2018-07-22,active
01,FAM001043,6LNCPV6H1VD2LDPDP,Minivan,2011,2018-07-22,active
01,FAM000053,R479UCKP1CKJJ0GPV,Hatchback,2017,2018-07-23,active
01,FAM000382,VINFAM000382012016,Sedan,2016,2018-07-23,active
01,FAM000600,VINFAM000600012013,Wagon,2013,2018-07-23,active
01,FAM000145,VINFAM000145012004,Sedan,2004,2018-07-24,active
01,FAM000200,VINFAM000200012003,Hatchback,2003,2018-07-24,active
01,FAM000213,Y1XJLT2S6T1VRSPBS,SUV,2013,2018-07-24,removed
01,FAM000517,LYD4XNGX2N20KLRJF,Truck,2006,2018-07-24,removed
01,FAM000576,VINFAM000576012018,Sedan,2018,2018-07-24,active
01,FAM000265,VINFAM000265012011,Sports Car,2011,2018-07-25,active
01,FAM000884,VINFAM000884012013,Convertible,2013,2018-07-25,active
01,FAM000103,VINFAM000103012014,Hatchback,2014,2018-07-26,active
01,FAM000299,VINFAM000299012004,Crossover,2004,2018-07-26,active
01,FAM000704,VINFAM000704012011,Coupe,2011,2018-07-26,active
01,FAM000905,VINFAM000905012010,Convertible,2010,2018-07-26,active
01,FAM000022,VINFAM000022012016,SUV,2016,2018-07-28,active
01,FAM000307,VINFAM000307012015,SUV,2015,2018-07-28,active
01,FAM000432,VINFAM000432012008,Hatchback,2008,2018-07-29,active
01,FAM000733,YCKZBS7R7H3EYXEJ9,Convertible,2007,2018-07-30,active
01,FAM000865,VINFAM000865012011,Crossover,2011,2018-07-30,active
01,FAM000172,VINFAM000172012005,Coupe,2005,2018-08-01,active
01,FAM000295,VINFAM000295012008,Truck,2008,2018-08-01,removed
01,FAM000446,VINFAM000446012011,Minivan,2011,2018-08-01,active
01,FAM001018,VINFAM001018012006,Crossover,2006,2018-08-01,active
01,FAM000262,GNKATEJB8K2W41LL7,SUV,2012,2018-08-02,active
01,FAM000806,VINFAM000806012001,Convertible,2001,2018-08-02,active
01,FAM000814,VINFAM000814012015,Truck,2015,2018-08-02,removed
01,FAM000947,UK6GU6B173B9M6N4K,Truck,2001,2018-08-02,removed
01,FAM001027,VINFAM001027012003,Convertible,2003,2018-08-02,active
01,FAM000496,VINFAM000496012016,Truck,2016,2018-08-03,active
01,FAM000520,VINFAM000520012018,Truck,2018,2018-08-03,active
01,FAM000703,VINFAM000703012001,Coupe,2001,2018-08-03,active
01,FAM001073,TYR97LN81Y5REP0CR,Hatchback,2006,2018-08-03,active
01,FAM000148,D1D0AM707YTAUBG9X,Sedan,2011,2018-08-04,active
01,FAM000478,VINFAM000478012015,SUV,2015,2018-08-04,removed
01,FAM000700,VSPA330F5EY7PNG5Z,Hatchback,2003,2018-08-04,active
01,FAM000754,VINFAM000754012018,SUV,2018,2018-08-04,active
01,FAM000635,VINFAM000635012005,Truck,2005,2018-08-05,active
01,FAM000779,VINFAM000779012002,Coupe,2002,2018-08-05,active
01,FAM000301,NBGUAXRW8YEM9DSNR,Sports Car,2007,2018-08-06,active
01,FAM000353,VINFAM000353012006,Sports Car,2006,2018-08-06,active
01,FAM000594,VINFAM000594012002,Truck,2002,2018-08-07,active
01,FAM000815,VINFAM000815012015,Sports Car,2015,2018-08-07,active
01,FAM000976,VINFAM000976012010,Sedan,2010,2018-08-07,removed
01,FAM000237,VINFAM000237012015,Sports Car,2015,2018-08-08,active
01,FAM000372,VINFAM000372012009,Crossover,2009,2018-08-09,active
01,FAM000705,VNP5W84K4LAKLN6K1,Sedan,2005,2018-08-09,removed
01,FAM000161,VINFAM000161012008,Crossover,2008,2018-08-10,active
01,FAM000494,VINFAM000494012011,Crossover,2011,2018-08-10,active
01,FAM000817,VINFAM000817012008,Sedan,2008,2018-08-10,active
01,FAM000071,VINFAM000071012014,SUV,2014,2018-08-11,active
01,FAM000613,VINFAM000613012005,Crossover,2005,2018-08-11,active
01,FAM000722,VINFAM000722012008,Minivan,2008,2018-08-11,removed
01,FAM000140,VINFAM000140012012,Sedan,2012,2018-08-12,active
01,FAM000535,VINFAM000535012006,Sports Car,2006,2018-08-12,active
01,FAM000651,VINFAM000651012008,Sedan,2008,2018-08-12,removed
01,FAM000300,VINFAM000300012005,Convertible,2005,2018-08-13,active
01,FAM000383,VINFAM000383012002,Wagon,2002,2018-08-13,active
01,FAM000810,MY3RCV560JDGN7AT0,Wagon,2008,2018-08-13,removed
01,FAM000934,VINFAM000934012016,Wagon,2016,2018-08-13,removed
01,FAM000674,VINFAM000674012006,Coupe,2006,2018-08-14,removed
01,FAM000918,ESED1WFM3D2NS5SEC,Wagon,2001,2018-08-14,removed
01,FAM000065,X31GB7TW83P3VJYMA,Hatchback,2001,2018-08-15,removed
01,FAM000128,VINFAM000128012004,Hatchback,2004,2018-08-15,active
01,FAM000195,VINFAM000195012013,Sedan,2013,2018-08-15,active
01,FAM000090,VINFAM000090012013,Crossover,2013,2018-08-16,active
01,FAM000513,H7YAY8EA3XRUH000R,Coupe,2008,2018-08-16,removed
01,FAM000854,VINFAM000854012017,Coupe,2017,2018-08-16,active
01,FAM000240,VINFAM000240012004,Truck,2004,2018-08-17,active
01,FAM000399,VINFAM000399012015,Crossover,2015,2018-08-17,active
01,FAM000510,6KSZTUL98TFTF6X9T,Truck,2001,2018-08-17,active
01,FAM001035,VINFAM001035012010,Coupe,2010,2018-08-17,active
01,FAM000152,VINFAM000152012013,SUV,2013,2018-08-18,active
01,FAM000207,VINFAM000207012009,Truck,2009,2018-08-18,active
01,FAM000425,VINFAM000425012016,Wagon,2016,2018-08-18,active
01,FAM000583,1XB6KCTB2H6L3X9U1,Minivan,2006,2018-08-18,removed
01,FAM000869,VINFAM000869012006,Wagon,2006,2018-08-18,removed
01,FAM000978,VINFAM000978012016,Hatchback,2016,2018-08-18,removed
01,FAM000176,VINFAM000176012010,Convertible,2010,2018-08-19,active
01,FAM000541,VINFAM000541012007,Hatchback,2007,2018-08-19,active
01,FAM000184,VINFAM000184012004,Truck,2004,2018-08-20,active
01,FAM000242,1YLUKBC86G27SDLRW,Truck,2014,2018-08-20,removed
01,FAM000551,66MXN7NV0VYFPD6ZY,Crossover,2002,2018-08-20,active
01,FAM000143,VINFAM000143012004,Hatchback,2004,2018-08-21,removed
01,FAM000701,8NW1DZYR9W1RG8SZX,Hatchback,2015,2018-08-21,removed
01,FAM000663,VINFAM000663012002,Hatchback,2002,2018-08-22,active
01,FAM000833,VINFAM000833012011,Sedan,2011,2018-08-22,active
01,FAM000881,XTYN111U6CAXVRPB8,Coupe,2005,2018-08-22,active
01,FAM000002,VINFAM000002012010,Convertible,2010,2018-08-23,active
01,FAM000598,G3BH0LJE8WR42W99N,Coupe,2009,2018-08-23,active
01,FAM000652,FK7DEK4P02RB96AB9,Truck,2012,2018-08-23,active
01,FAM000730,VINFAM000730012005,Coupe,2005,2018-08-23,active
01,FAM000196,VINFAM000196012003,Sports Car,2003,2018-08-24,active
01,FAM000498,VINFAM000498012018,Coupe,2018,2018-08-24,removed
01,FAM001078,PRD5SCT10UEG8W2S3,SUV,2002,2018-08-24,active
01,FAM000202,VINFAM000202012008,Crossover,2008,2018-08-25,active
01,FAM000713,MGAKRADM73FFRBW89,Coupe,2016,2018-08-25,removed
01,FAM000803,VINFAM000803012009,Hatchback,2009,2018-08-25,active
01,FAM000837,VINFAM000837012013,Hatchback,2013,2018-08-25,active
01,FAM000210,VINFAM000210012008,Sedan,2008,2018-08-26,removed
01,FAM000767,0XWG8V2G6A2GJDHNJ,Coupe,2008,2018-08-26,active
01,FAM000991,VINFAM000991012011,Minivan,2011,2018-08-26,active
01,FAM001013,VINFAM001013012012,Sedan,2012,2018-08-26,removed
01,FAM000102,UXP41FPM9TY06HLRT,Truck,2001,2018-08-27,removed
01,FAM000130,VINFAM000130012014,Sedan,2014,2018-08-27,active
01,FAM000397,0YWL2CYE3BNY63KU9,Minivan,2003,2018-08-27,removed
01,FAM000567,VINFAM000567012003,Convertible,2003,2018-08-27,active
01,FAM000575,VINFAM000575012008,SUV,2008,2018-08-27,active
01,FAM000984,WSNPJE476C6YEKUZ7,Wagon,2001,2018-08-27,active
01,FAM000650,HHN85L8276BYYMXXM,Coupe,2008,2018-08-28,removed
01,FAM000686,8E9J0NDW63SL4FFRL,Sports Car,2011,2018-08-28,active
01,FAM000795,VINFAM000795012013,SUV,2013,2018-08-29,active
01,FAM000864,VINFAM000864012017,Crossover,2017,2018-08-29,removed
01,FAM000778,VINFAM000778012012,Minivan,2012,2018-08-31,removed
01,FAM000952,EV2KHPFZ39JBVP16R,Convertible,2002,2018-08-31,removed
01,FAM000004,VINFAM000004012015,Crossover,2015,2018-09-01,active
01,FAM000354,FMH7T59W1TL5DFD57,Truck,2007,2018-09-01,removed
01,FAM000216,6HFP7A0N4DDRNTJ5U,Coupe,2013,2018-09-02,removed
01,FAM000696,VINFAM000696012012,Truck,2012,2018-09-02,removed
01,FAM000857,VINFAM000857012010,Crossover,2010,2018-09-02,active
01,FAM000405,VINFAM000405012011,Crossover,2011,2018-09-03,active
01,FAM000042,VINFAM000042012006,Convertible,2006,2018-09-04,removed
01,FAM000531,VINFAM000531012001,Wagon,2001,2018-09-04,active
01,FAM000126,B8ZA44CY8S247RAEU,SUV,2009,2018-09-05,removed
01,FAM000908,VINFAM000908012006,Crossover,2006,2018-09-05,active
01,FAM001023,VINFAM001023012004,Coupe,2004,2018-09-05,active
01,FAM000227,0A718FDM6RZGEPFP4,Minivan,2001,2018-09-06,removed
01,FAM000515,VINFAM000515012005,Crossover,2005,2018-09-06,active
01,FAM000624,Z5YCYRZC5FR8HR4AN,Sedan,2017,2018-09-06,active
01,FAM000189,VINFAM000189012002,Sedan,2002,2018-09-07,active
01,FAM000244,VINFAM000244012015,Coupe,2015,2018-09-07,active
01,FAM000726,VINFAM000726012002,Sedan,2002,2018-09-07,removed
01,FAM000925,7N144WZ9378AR37HX,Sports Car,2008,2018-09-07,removed
01,FAM000989,AA15XHU68FB6FEL87,Hatchback,2014,2018-09-07,removed
01,FAM001006,VINFAM001006012011,Minivan,2011,2018-09-07,active
01,FAM001066,VINFAM001066012003,Wagon,2003,2018-09-07,active
01,FAM000358,VINFAM000358012016,Hatchback,2016,2018-09-08,active
01,FAM000858,VINFAM000858012005,Coupe,2005,2018-09-08,removed
01,FAM000167,VINFAM000167012002,Convertible,2002,2018-09-09,removed
01,FAM000177,VINFAM000177012005,Truck,2005,2018-09-09,removed
01,FAM000455,SCT77KBX1CB2RMYM9,Truck,2015,2018-09-09,removed
01,FAM000785,TR12ER1447TEK7V95,Wagon,2001,2018-09-09,removed
01,FAM000894,VINFAM000894012006,Minivan,2006,2018-09-09,active
01,FAM000031,VINFAM000031012017,Sedan,2017,2018-09-10,active
01,FAM000194,VINFAM000194012001,SUV,2001,2018-09-10,active
01,FAM000375,VINFAM000375012007,Sedan,2007,2018-09-10,active
01,FAM000835,VINFAM000835012017,Hatchback,2017,2018-09-10,active
01,FAM000765,TBUM0JY00MLPAJFG2,Sports Car,2009,2018-09-11,active
01,FAM000957,VINFAM000957012015,Wagon,2015,2018-09-11,removed
01,FAM000347,VINFAM000347012004,Sedan,2004,2018-09-12,active
01,FAM000138,VINFAM000138012009,SUV,2009,2018-09-14,active
01,FAM000179,VINFAM000179012016,Wagon,2016,2018-09-14,active
01,FAM000203,VINFAM000203012018,Sports Car,2018,2018-09-14,active
01,FAM000720,LU2E4KDJ9AN87T8BA,Hatchback,2002,2018-09-14,active
01,FAM000746,VINFAM000746012010,Crossover,2010,2018-09-14,removed
01,FAM001072,VINFAM001072012014,Coupe,2014,2018-09-14,removed
01,FAM000206,VINFAM000206012001,Truck,2001,2018-09-15,removed
01,FAM000572,VINFAM000572012015,Truck,2015,2018-09-15,removed
01,FAM000994,VINFAM000994012005,Coupe,2005,2018-09-15,active
01,FAM000192,U7CB2TLD7TD2YXTC6,Truck,2017,2018-09-16,removed
01,FAM000312,VINFAM000312012012,Sports Car,2012,2018-09-16,active
01,FAM000505,VINFAM000505012007,Truck,2007,2018-09-16,active
01,FAM000566,VINFAM000566012010,Hatchback,2010,2018-09-16,active
01,FAM000390,VINFAM000390012015,Wagon,2015,2018-09-17,active
01,FAM000427,VINFAM000427012012,Hatchback,2012,2018-09-17,active
01,FAM001103,VINFAM001103012006,Truck,2006,2018-09-17,active
01,FAM000420,VINFAM000420012002,Crossover,2002,2018-09-18,active
01,FAM000072,VINFAM000072012013,Coupe,2013,2018-09-22,active
01,FAM000953,BVAZH9TS3KBXDBCZ4,Truck,2008,2018-09-22,removed
01,FAM001025,VINFAM001025012015,Minivan,2015,2018-09-24,active
01,FAM000580,VINFAM000580012014,Sports Car,2014,2018-09-25,removed
01,FAM000100,VINFAM000100012010,Convertible,2010,2018-09-26,active
01,FAM000838,RVTHYDBF31JSDUA9A,Sedan,2001,2018-09-26,removed
01,FAM000888,VINFAM000888012004,Sports Car,2004,2018-09-26,removed
01,FAM001082,VINFAM001082012010,Wagon,2010,2018-09-26,removed
01,FAM000067,RMGWSEY34MDBC18G3,Hatchback,2005,2018-09-27,active
01,FAM000081,VINFAM000081012004,Coupe,2004,2018-09-27,active
01,FAM000219,MGFJWG2388LT7740B,Crossover,2011,2018-09-27,active
01,FAM000492,VINFAM000492012010,Coupe,2010,2018-09-27,removed
01,FAM000748,7S2TLERX94RUJB2EP,Wagon,2010,2018-09-27,removed
01,FAM000816,ZHNNAH4T6UUZLDJ6P,Convertible,2016,2018-09-27,removed
01,FAM000083,VINFAM000083012012,Sports Car,2012,2018-09-28,active
01,FAM000622,VINFAM000622012006,Coupe,2006,2018-09-28,active
01,FAM000636,NTV93GX5210D03AK0,Truck,2015,2018-09-28,removed
01,FAM000699,XUADC2YP3ME96LTTT,Hatchback,2018,2018-09-28,removed
01,FAM001034,F7WF8DBT9762GHXX8,Sports Car,2018,2018-09-28,removed
01,FAM000012,HS8E6VPH55HSYX00N,Coupe,2002,2018-09-29,removed
01,FAM000331,VINFAM000331012015,Hatchback,2015,2018-09-29,active
01,FAM000590,VINFAM000590012014,Crossover,2014,2018-09-30,removed
01,FAM000343,VINFAM000343012013,Wagon,2013,2018-10-01,active
01,FAM000110,LSY9TXLB1SB05NY2E,SUV,2005,2018-10-02,removed
01,FAM000247,J6GDTMR39ZCPL66L9,Hatchback,2004,2018-10-02,removed
01,FAM000654,D6GA93NY65CSC9EHL,SUV,2012,2018-10-02,removed
01,FAM000917,VINFAM000917012013,Truck,2013,2018-10-02,active
01,FAM000467,VINFAM000467012005,Crossover,2005,2018-10-03,active
01,FAM001064,GPNRUJBL7MU8R6X30,Crossover,2002,2018-10-03,active
01,FAM000261,VINFAM000261012018,Wagon,2018,2018-10-04,removed
01,FAM000019,VINFAM000019012016,Minivan,2016,2018-10-05,active
01,FAM000294,VINFAM000294012008,Hatchback,2008,2018-10-05,active
01,FAM000456,SMXBHF963FF46LUB2,Hatchback,2010,2018-10-05,active
01,FAM000458,VINFAM000458012010,Coupe,2010,2018-10-05,active
01,FAM000890,VINFAM000890012004,Sedan,2004,2018-10-05,removed
01,FAM000170,VINFAM000170012015,Sedan,2015,2018-10-06,active
01,FAM000653,KWY8W5YW1TURNDMEF,Wagon,2012,2018-10-06,active
01,FAM000895,VINFAM000895012008,Sports Car,2008,2018-10-06,active
01,FAM000986,M6YE6N9G78DKV3RU6,Hatchback,2017,2018-10-06,removed
01,FAM001067,VINFAM001067012007,Truck,2007,2018-10-06,active
01,FAM000142,VINFAM000142012006,Crossover,2006,2018-10-08,active
01,FAM000275,VINFAM000275012007,Truck,2007,2018-10-08,active
01,FAM000627,VINFAM000627012001,Coupe,2001,2018-10-08,active
01,FAM000683,VINFAM000683012008,Wagon,2008,2018-10-08,active
01,FAM000549,VINFAM000549012001,Truck,2001,2018-10-10,active
01,FAM000033,VINFAM000033012006,Minivan,2006,2018-10-11,active
01,FAM000592,VINFAM000592012001,Minivan,2001,2018-10-11,active
01,FAM000712,VINFAM000712012004,Wagon,2004,2018-10-11,active
01,FAM000543,VINFAM000543012004,Sports Car,2004,2018-10-12,active
01,FAM000688,VINFAM000688012007,Coupe,2007,2018-10-12,active
01,FAM000802,VINFAM000802012011,Minivan,2011,2018-10-12,active
01,FAM000162,VINFAM000162012017,Sedan,2017,2018-10-13,active
01,FAM000205,T6YNL04G2UC6G9YTA,Coupe,2001,2018-10-13,active
01,FAM000518,VINFAM000518012016,Crossover,2016,2018-10-13,active
01,FAM000759,VINFAM000759012013,Wagon,2013,2018-10-13,removed
01,FAM000378,VINFAM000378012012,Truck,2012,2018-10-14,active
01,FAM000610,VINFAM000610012001,Sports Car,2001,2018-10-14,active
01,FAM000866,7DKSLAVH3HF70F4FY,Truck,2018,2018-10-14,active
01,FAM000972,VINFAM000972012004,Coupe,2004,2018-10-14,active
01,FAM001071,VINFAM001071012017,Sports Car,2017,2018-10-14,active
01,FAM000024,VINFAM000024012004,Minivan,2004,2018-10-15,active
01,FAM000127,VINFAM000127012008,Hatchback,2008,2018-10-15,active
01,FAM000155,VINFAM000155012018,Wagon,2018,2018-10-15,active
01,FAM000457,VINFAM000457012003,Truck,2003,2018-10-15,removed
01,FAM000470,VINFAM000470012009,Convertible,2009,2018-10-15,removed
01,FAM001094,VINFAM001094012011,Crossover,2011,2018-10-15,active
01,FAM000821,VINFAM000821012001,Crossover,2001,2018-10-16,removed
01,FAM000931,VINFAM000931012014,Hatchback,2014,2018-10-16,active
01,FAM001024,VINFAM001024012001,Crossover,2001,2018-10-16,active
01,FAM000186,4W1B5RJX2M9UUY41X,Crossover,2013,2018-10-17,removed
01,FAM000360,VINFAM000360012009,Sports Car,2009,2018-10-17,removed
01,FAM000777,VINFAM000777012006,Sports Car,2006,2018-10-17,removed
01,FAM000159,VINFAM000159012010,Crossover,2010,2018-10-18,active
01,FAM000181,VINFAM000181012007,Hatchback,2007,2018-10-18,removed
01,FAM000277,VINFAM000277012006,Sports Car,2006,2018-10-18,active
01,FAM000359,VINFAM000359012002,SUV,2002,2018-10-18,active
01,FAM000649,VINFAM000649012002,Crossover,2002,2018-10-18,removed
01,FAM000903,N1WSCELR6WRJUKYF7,Hatchback,2003,2018-10-18,active
01,FAM000907,VINFAM000907012012,Crossover,2012,2018-10-18,removed
01,FAM000169,YRKBGZP93ZHNDNYZ1,Sedan,2015,2018-10-19,removed
01,FAM000291,VINFAM000291012007,Sedan,2007,2018-10-19,active
01,FAM000528,P9BBNRBG7L37XMCY2,Crossover,2004,2018-10-19,removed
01,FAM000609,FW196ZSC2ZSJP52MM,Convertible,2001,2018-10-19,removed
01,FAM000054,VINFAM000054012012,Hatchback,2012,2018-10-20,removed
01,FAM000225,GXF6ZTU360GXCT3UB,SUV,2014,2018-10-20,removed
01,FAM000095,VINFAM000095012015,Wagon,2015,2018-10-21,removed
01,FAM000787,DV7UYKR49NXVEZCDU,Hatchback,2016,2018-10-21,active
01,FAM000006,VINFAM000006012010,SUV,2010,2018-10-22,active
01,FAM000122,VINFAM000122012008,Minivan,2008,2018-10-22,active
01,FAM000180,VINFAM000180012015,SUV,2015,2018-10-22,active
01,FAM000873,VINFAM000873012014,Truck,2014,2018-10-22,active
01,FAM000523,VINFAM000523012003,Wagon,2003,2018-10-23,active
01,FAM000232,VINFAM000232012001,Wagon,2001,2018-10-24,removed
01,FAM000893,S5RBSDE88PGFHU6E3,Minivan,2008,2018-10-24,removed
01,FAM000017,2LAY73YD6MGGSVVBX,Minivan,2008,2018-10-25,removed
01,FAM000880,0S8RUGN39KNP6RHV1,Sports Car,2004,2018-10-25,active
01,FAM000407,VINFAM000407012004,Minivan,2004,2018-10-26,active
01,FAM001051,VINFAM001051012002,Sedan,2002,2018-10-26,removed
01,FAM000013,VINFAM000013012007,SUV,2007,2018-10-27,active
01,FAM000464,8122AB6F1DY976LZK,Minivan,2005,2018-10-27,removed
01,FAM000560,VINFAM000560012016,Crossover,2016,2018-10-27,active
01,FAM000157,AZR0V0FH2WC34USVW,SUV,2001,2018-10-28,removed
01,FAM000234,VINFAM000234012017,Wagon,2017,2018-10-28,active
01,FAM000581,VINFAM000581012016,SUV,2016,2018-10-28,active
01,FAM000589,VINFAM000589012010,Sedan,2010,2018-10-28,active
01,FAM000922,VINFAM000922012017,Minivan,2017,2018-10-28,active
01,FAM000522,VINFAM000522012004,Minivan,2004,2018-10-29,active
01,FAM000023,VINFAM000023012011,Wagon,2011,2018-10-30,active
01,FAM000278,VINFAM000278012013,SUV,2013,2018-10-30,removed
01,FAM001084,VINFAM001084012010,Hatchback,2010,2018-10-30,active
01,FAM000419,FT3L9VG65AD1S91RP,Convertible,2001,2018-10-31,removed
01,FAM000740,VINFAM000740012007,Coupe,2007,2018-10-31,removed
01,FAM000862,VINFAM000862012018,Crossover,2018,2018-10-31,removed
01,FAM000797,H08675LC0RUS5XBZ2,Minivan,2013,2018-11-02,removed
01,FAM000996,VINFAM000996012005,Hatchback,2005,2018-11-02,active
01,FAM000638,VINFAM000638012017,Crossover,2017,2018-11-03,active
01,FAM000791,VINFAM000791012001,Wagon,2001,2018-11-03,active
01,FAM000251,VINFAM000251012006,Convertible,2006,2018-11-04,removed
01,FAM000554,VINFAM000554012011,Hatchback,2011,2018-11-04,active
01,FAM000874,VINFAM000874012007,Wagon,2007,2018-11-04,active
01,FAM000929,VINFAM000929012001,Crossover,2001,2018-11-04,removed
01,FAM000302,VINFAM000302012017,Minivan,2017,2018-11-05,active
01,FAM000586,VINFAM000586012010,Coupe,2010,2018-11-05,active
01,FAM000959,VINFAM000959012015,Sports Car,2015,2018-11-05,active
01,FAM001045,VINFAM001045012001,Sports Car,2001,2018-11-05,active
01,FAM000211,VINFAM000211012003,Sports Car,2003,2018-11-06,removed
01,FAM000680,5E3BA5W32PTHTYSU7,Sedan,2013,2018-11-06,active
01,FAM001017,3FXF98DD9R1H321K0,Sports Car,2016,2018-11-06,active
01,FAM000105,VINFAM000105012005,Coupe,2005,2018-11-07,removed
01,FAM000146,VINFAM000146012001,Wagon,2001,2018-11-07,active
01,FAM000246,273RXUXW2FR2TX3DC,Hatchback,2015,2018-11-07,removed
01,FAM000320,VINFAM000320012016,Convertible,2016,2018-11-07,active
01,FAM000365,VINFAM000365012004,Wagon,2004,2018-11-07,active
01,FAM000391,VINFAM000391012009,Sedan,2009,2018-11-07,active
01,FAM001029,VINFAM001029012016,SUV,2016,2018-11-07,removed
01,FAM000059,VINFAM000059012010,Hatchback,2010,2018-11-08,active
01,FAM000529,EG89PB12325ZBKKX1,Truck,2012,2018-11-08,active
01,FAM000963,VINFAM000963012016,Hatchback,2016,2018-11-08,removed
01,FAM000131,VINFAM000131012013,SUV,2013,2018-11-09,active
01,FAM000574,VINFAM000574012016,Hatchback,2016,2018-11-09,removed
01,FAM000085,VINFAM000085012010,Convertible,2010,2018-11-10,active
01,FAM000255,VINFAM000255012010,Hatchback,2010,2018-11-10,active
01,FAM000655,VINFAM000655012007,Minivan,2007,2018-11-10,active
01,FAM000267,VINFAM000267012007,SUV,2007,2018-11-11,active
01,FAM000536,VINFAM000536012004,Wagon,2004,2018-11-12,active
01,FAM000762,DF8H3Y738YTCVD7A4,Sports Car,2014,2018-11-12,removed
01,FAM000776,VINFAM000776012014,Crossover,2014,2018-11-12,active
01,FAM000920,L3K4RYWK8YX8G3TWT,SUV,2010,2018-11-12,removed
01,FAM000951,UUSNX54843ZM2A9G6,Coupe,2016,2018-11-12,active
01,FAM000003,B25T686S1V2001N9V,Convertible,2012,2018-11-13,removed
01,FAM000091,VINFAM000091012008,Minivan,2008,2018-11-13,active
01,FAM000823,VINFAM000823012005,Minivan,2005,2018-11-13,active
01,FAM000112,VINFAM000112012012,Coupe,2012,2018-11-14,active
01,FAM000928,8R31VV3B6K7ELNTFE,Crossover,2011,2018-11-14,active
01,FAM001062,VINFAM001062012006,Wagon,2006,2018-11-14,active
01,FAM000190,VINFAM000190012001,Coupe,2001,2018-11-15,active
01,FAM000475,VINFAM000475012006,Hatchback,2006,2018-11-15,active
01,FAM000771,DEK2LV9P8D0SPV1AU,Hatchback,2009,2018-11-15,active
01,FAM001038,02545HSY7X3E1P6GD,Wagon,2011,2018-11-15,removed
01,FAM000158,GRFMV7GC5R4RJDPPL,Crossover,2008,2018-11-16,active
01,FAM000451,VINFAM000451012009,Hatchback,2009,2018-11-16,active
01,FAM001063,VINFAM001063012002,Sedan,2002,2018-11-17,active
01,FAM000316,VINFAM000316012005,Truck,2005,2018-11-19,active
01,FAM000526,VINFAM000526012014,Hatchback,2014,2018-11-19,removed
01,FAM000673,VINFAM000673012008,Crossover,2008,2018-11-19,removed
01,FAM001047,CNNKEL8R9KLATWAHV,SUV,2002,2018-11-19,removed
01,FAM000548,VINFAM000548012014,SUV,2014,2018-11-20,removed
01,FAM000689,YYTL0MCJ64A5U0W9S,Hatchback,2003,2018-11-20,removed
01,FAM000241,VINFAM000241012010,Truck,2010,2018-11-21,active
01,FAM000671,VINFAM000671012014,SUV,2014,2018-11-21,removed
01,FAM000493,VINFAM000493012009,Wagon,2009,2018-11-22,active
01,FAM000935,VINFAM000935012014,Sports Car,2014,2018-11-22,active
01,FAM000280,NYEEHZ7G5SK01WX7S,Minivan,2003,2018-11-23,removed
01,FAM000376,VINFAM000376012014,SUV,2014,2018-11-23,active
01,FAM000437,VINFAM000437012014,SUV,2014,2018-11-23,active
01,FAM001092,BVBJRRKS5W9TET506,Coupe,2015,2018-11-23,active
01,FAM000229,VINFAM000229012009,Hatchback,2009,2018-11-24,active
01,FAM000552,VINFAM000552012014,SUV,2014,2018-11-24,active
01,FAM000288,VINFAM000288012005,Sedan,2005,2018-11-26,removed
01,FAM000763,TK35UB9A8U1Z2HZ9K,Hatchback,2009,2018-11-26,removed
01,FAM000840,VINFAM000840012016,Coupe,2016,2018-11-26,active
01,FAM001096,VINFAM001096012009,Sedan,2009,2018-11-26,active
01,FAM001101,VINFAM001101012012,Truck,2012,2018-11-26,removed
01,FAM000641,DVUABTX97ECHVB5RW,Minivan,2013,2018-11-27,active
01,FAM000668,R6X9V9T553KB70SPH,Wagon,2011,2018-11-27,active
01,FAM000968,VINFAM000968012008,Truck,2008,2018-11-27,active
01,FAM000166,VINFAM000166012011,Minivan,2011,2018-11-28,active
01,FAM000218,VINFAM000218012006,Sedan,2006,2018-11-28,active
01,FAM000542,VINFAM000542012018,Minivan,2018,2018-11-28,removed
01,FAM001004,B1EUL8KN1RCMDGF77,Sedan,2011,2018-11-28,removed
01,FAM000340,VINFAM000340012001,Wagon,2001,2018-11-29,active
01,FAM000904,JKVD5XA44MNTXKG9D,Hatchback,2012,2018-11-29,removed
01,FAM000087,VINFAM000087012005,SUV,2005,2018-11-30,active
01,FAM000346,VINFAM000346012010,Minivan,2010,2018-11-30,active
01,FAM000521,VINFAM000521012011,Crossover,2011,2018-11-30,active
01,FAM000563,G4NR5E6R97ZT4VV7L,Minivan,2015,2018-11-30,active
01,FAM000970,VINFAM000970012011,Coupe,2011,2018-11-30,active
01,FAM000084,MH7XKFKC1GA6GAMB9,Convertible,2018,2018-12-01,removed
01,FAM000014,VINFAM000014012010,Hatchback,2010,2018-12-02,active
01,FAM000124,VINFAM000124012006,Coupe,2006,2018-12-02,active
01,FAM000503,VINFAM000503012004,SUV,2004,2018-12-02,active
01,FAM000504,XBC63HK91CJ3HCZUN,Sports Car,2009,2018-12-02,removed
01,FAM000661,GN1AKA0E1P759CU13,Sedan,2014,2018-12-02,removed
01,FAM000692,BAFHH3LN2P7HMNA3L,Convertible,2010,2018-12-02,removed
01,FAM001048,VINFAM001048012014,Truck,2014,2018-12-02,active
01,FAM000571,VINFAM000571012013,Wagon,2013,2018-12-03,removed
01,FAM000792,VINFAM000792012005,Sports Car,2005,2018-12-03,active
01,FAM000460,LTEDH2ZA5AGF95TE6,SUV,2007,2018-12-04,active
01,FAM000793,VINFAM000793012002,Hatchback,2002,2018-12-04,removed
01,FAM000997,VINFAM000997012018,Wagon,2018,2018-12-04,removed
01,FAM000032,VINFAM000032012017,Crossover,2017,2018-12-05,active
01,FAM000052,VINFAM000052012013,Convertible,2013,2018-12-05,active
01,FAM000258,FXWW9XFB6B60J5GU0,Minivan,2001,2018-12-05,active
01,FAM000662,Y2SE0L2K9XGLRHDUR,Hatchback,2006,2018-12-05,active
01,FAM000408,VINFAM000408012016,Sports Car,2016,2018-12-06,active
01,FAM000411,VINFAM000411012016,Wagon,2016,2018-12-06,active
01,FAM000790,VINFAM000790012016,Coupe,2016,2018-12-06,removed
01,FAM000924,BYPEKU8R8FX9FGG8F,Hatchback,2011,2018-12-06,active
01,FAM000319,VINFAM000319012003,Wagon,2003,2018-12-07,active
01,FAM000384,VINFAM000384012003,Hatchback,2003,2018-12-07,active
01,FAM000524,VINFAM000524012005,Coupe,2005,2018-12-07,removed
01,FAM000034,VINFAM000034012012,Hatchback,2012,2018-12-08,removed
01,FAM000328,UY7MJLBY0YTA2DPSM,Crossover,2013,2018-12-08,removed
01,FAM000364,VINFAM000364012016,Sedan,2016,2018-12-08,active
01,FAM000394,3TMF6NW37PXGZA6CX,Sports Car,2017,2018-12-08,removed
01,FAM000945,VINFAM000945012015,Crossover,2015,2018-12-08,active
01,FAM001068,VINFAM001068012018,Coupe,2018,2018-12-08,active
01,FAM000782,VINFAM000782012016,SUV,2016,2018-12-09,active
01,FAM000949,VINFAM000949012013,Hatchback,2013,2018-12-09,active
01,FAM000642,VINFAM000642012009,Coupe,2009,2018-12-10,active
01,FAM000954,VINFAM000954012018,Sports Car,2018,2018-12-10,removed
01,FAM000114,VINFAM000114012016,Convertible,2016,2018-12-11,active
01,FAM000406,VINFAM000406012004,Hatchback,2004,2018-12-11,active
01,FAM000417,VINFAM000417012005,Coupe,2005,2018-12-11,removed
01,FAM000454,VINFAM000454012013,SUV,2013,2018-12-11,active
01,FAM000710,VINFAM000710012006,Sedan,2006,2018-12-11,active
01,FAM000760,VINFAM000760012017,Crossover,2017,2018-12-11,active
01,FAM000961,RJDS1H600NLH6HH5F,Wagon,2006,2018-12-11,removed
01,FAM001050,TCB9W83B8GVG0ZJAF,Minivan,2001,2018-12-11,active
01,FAM000338,VINFAM000338012018,Minivan,2018,2018-12-12,active
01,FAM000684,VINFAM000684012002,Convertible,2002,2018-12-12,active
01,FAM000101,HK5FCS0Z38FXDUGLV,Crossover,2018,2018-12-13,active
01,FAM000273,VINFAM000273012005,Wagon,2005,2018-12-13,removed
01,FAM001087,VINFAM001087012008,Sedan,2008,2018-12-13,removed
01,FAM000249,VINFAM000249012013,Minivan,2013,2018-12-14,active
01,FAM000297,FR0581P40XV6XPM76,Coupe,2013,2018-12-14,active
01,FAM000379,VINFAM000379012003,Crossover,2003,2018-12-14,active
01,FAM000532,VINFAM000532012015,Truck,2015,2018-12-14,active
01,FAM000634,VINFAM000634012018,Truck,2018,2018-12-14,active
01,FAM000718,VINFAM000718012003,Crossover,2003,2018-12-15,active
01,FAM000853,TKD0APZA4V01GCC6M,Sports Car,2016,2018-12-15,active
01,FAM000886,VINFAM000886012005,Truck,2005,2018-12-15,active
01,FAM000964,VINFAM000964012005,Sedan,2005,2018-12-15,active
01,FAM000198,VINFAM000198012001,Convertible,2001,2018-12-16,active
01,FAM000403,S9X0B4EL0ZBV190MR,Sports Car,2015,2018-12-16,removed
01,FAM000030,VINFAM000030012012,Wagon,2012,2018-12-17,active
01,FAM000151,VINFAM000151012007,SUV,2007,2018-12-17,active
01,FAM000322,VINFAM000322012015,Sports Car,2015,2018-12-17,active
01,FAM000702,VINFAM000702012004,Wagon,2004,2018-12-17,removed
01,FAM000995,VINFAM000995012004,Minivan,2004,2018-12-17,removed
01,FAM001052,VINFAM001052012009,Hatchback,2009,2018-12-17,active
01,FAM000490,ZME5TRLL42RPY3764,Coupe,2001,2018-12-18,active
01,FAM000597,VINFAM000597012003,SUV,2003,2018-12-18,active
01,FAM000799,JKUCFTHE5ARCAJESM,Crossover,2010,2018-12-18,active
01,FAM000214,VINFAM000214012004,SUV,2004,2018-12-20,active
01,FAM000380,VINFAM000380012009,Wagon,2009,2018-12-20,removed
01,FAM000564,0JHA50A05LYWDUR52,Coupe,2002,2018-12-20,removed
01,FAM001000,VINFAM001000012007,Minivan,2007,2018-12-20,active
01,FAM000010,VINFAM000010012002,Coupe,2002,2018-12-21,active
01,FAM000577,VINFAM000577012001,SUV,2001,2018-12-21,active
01,FAM000812,VINFAM000812012011,Crossover,2011,2018-12-21,active
01,FAM000416,VINFAM000416012015,SUV,2015,2018-12-22,removed
01,FAM000553,LPM8NHD8262AWTTCL,Convertible,2012,2018-12-22,active
01,FAM000565,VINFAM000565012016,Sports Car,2016,2018-12-22,removed
01,FAM000677,VINFAM000677012010,Crossover,2010,2018-12-22,active
01,FAM000967,VINFAM000967012003,Truck,2003,2018-12-22,active
01,FAM000414,GE30V9UM7GH8MJ65M,Sedan,2010,2018-12-23,removed
01,FAM000431,MV8Z1YDG3AT244NLY,Convertible,2003,2018-12-23,active
01,FAM000533,VINFAM000533012010,Hatchback,2010,2018-12-23,removed
01,FAM000839,VINFAM000839012012,Truck,2012,2018-12-23,active
01,FAM001100,VINFAM001100012007,Truck,2007,2018-12-23,active
01,FAM000141,VINFAM000141012003,Hatchback,2003,2018-12-24,active
01,FAM000788,VINFAM000788012002,Crossover,2002,2018-12-24,active
01,FAM000859,3ZK5LDS83NXAP6MJZ,Sports Car,2016,2018-12-24,active
01,FAM000324,EHGC9TDT2FCK1APMR,Minivan,2002,2018-12-25,removed
01,FAM001026,VINFAM001026012004,Sports Car,2004,2018-12-25,removed
01,FAM000276,VINFAM000276012015,Sports Car,2015,2018-12-26,active
01,FAM000335,VINFAM000335012003,Sports Car,2003,2018-12-26,active
01,FAM000579,17C3SJ3R4CB0BV8FD,Crossover,2006,2018-12-26,active
01,FAM000741,VINFAM000741012001,Minivan,2001,2018-12-26,active
01,FAM000018,VINFAM000018012013,Minivan,2013,2018-12-27,removed
01,FAM000556,VINFAM000556012007,Wagon,2007,2018-12-27,removed
01,FAM000912,2RTZEY0P7E8EH86N2,Truck,2013,2018-12-27,removed
01,FAM000088,VINFAM000088012003,Sports Car,2003,2018-12-28,active
01,FAM000439,VINFAM000439012005,Hatchback,2005,2018-12-28,active
01,FAM000270,VINFAM000270012004,Coupe,2004,2018-12-29,active
01,FAM000183,KDRMLF368VJPC78L7,Truck,2015,2018-12-30,active
01,FAM000193,VINFAM000193012015,Sports Car,2015,2018-12-30,removed
01,FAM000362,VINFAM000362012004,Hatchback,2004,2018-12-30,active
01,FAM000591,VINFAM000591012009,Hatchback,2009,2018-12-30,removed
01,FAM000794,VINFAM000794012009,Convertible,2009,2018-12-31,active
01,FAM001002,VINFAM001002012015,Sports Car,2015,2018-12-31,active
2,FAM000367,VINFAM00036722018,Coupe,2018,,active
2,FAM000668,VINFAM0006680022004,Coupe,2004,,active
2,FAM000516,VINFAM00051622018,Convertible,2018,,active
2,FAM000499,VINFAM00049922018,Convertible,2018,,active
2,FAM000580,VINFAM00058022009,Sports Car,2009,,active
2,FAM000109,VINFAM0001090022016,Minivan,2016,,active
2,FAM000431,VINFAM0004310022009,Coupe,2009,,active
2,FAM000909,VINFAM0009090022005,Coupe,2005,,removed
2,FAM000274,VINFAM0002740022010,Wagon,2010,,removed
2,FAM000100,VINFAM0001000022005,Sedan,2005,,active
3,FAM000109,VINFAM0001090032006,Crossover,2006,,removed
2,FAM000571,VINFAM0005710022001,Wagon,2001,,removed
2,FAM000834,VINFAM0008340022003,Sedan,2003,,removed
2,FAM000783,VINFAM00078322012,Convertible,2012,,active
2,FAM000566,VINFAM0005660022004,Wagon,2004,,active
2,FAM000340,VINFAM00034022014,Minivan,2014,,active
2,FAM000448,VINFAM0004480022001,Coupe,2001,,active
2,FAM000418,VINFAM00041822002,Wagon,2002,,active
2,FAM000549,VINFAM0005490022001,Hatchback,2001,,active
2,FAM000529,VINFAM0005290022011,SUV,2011,,active
2,FAM000700,VINFAM0007000022009,SUV,2009,,active
2,FAM000085,VINFAM00008522007,Crossover,2007,,active
2,FAM000824,VINFAM00082422013,Hatchback,2013,,active
2,FAM000747,VINFAM00074722014,Crossover,2014,,active
2,FAM000754,VINFAM0007540022008,Sedan,2008,,active
2,FAM000854,VINFAM0008540022007,Wagon,2007,,active
2,FAM000200,VINFAM00020022002,Convertible,2002,,active
2,FAM000249,VINFAM0002490022015,Truck,2015,,active
2,FAM000945,VINFAM0009450022008,Sedan,2008,,active
2,FAM000107,VINFAM00010722009,Minivan,2009,,active
2,FAM000182,VINFAM0001820022004,Wagon,2004,,active
2,FAM000906,VINFAM0009060022012,Truck,2012,,active
2,FAM000735,VINFAM0007350022009,SUV,2009,,active
2,FAM000876,VINFAM0008760022008,Hatchback,2008,,active
2,FAM000058,VINFAM0000580022008,Truck,2008,,active
2,FAM000447,VINFAM0004470022007,Sports Car,2007,,active
2,FAM001093,VINFAM0010930022007,Crossover,2007,,active
2,FAM001071,VINFAM0010710022009,SUV,2009,,active
2,FAM000812,VINFAM0008120022016,SUV,2016,,removed
2,FAM000975,VINFAM0009750022006,SUV,2006,,active
2,FAM000728,VINFAM0007280022005,Crossover,2005,,active
2,FAM001070,VINFAM0010700022017,Crossover,2017,,active
2,FAM000155,VINFAM0001550022005,Wagon,2005,,active
2,FAM000522,VINFAM0005220022011,Sports Car,2011,,active
2,FAM000968,VINFAM0009680022006,Sports Car,2006,,active
2,FAM001092,VINFAM0010920022004,Sedan,2004,,active
3,FAM000975,VINFAM0009750032014,Minivan,2014,,active
2,FAM001031,VINFAM00103122014,Truck,2014,,active
2,FAM000765,VINFAM0007650022009,Crossover,2009,,active
2,FAM000625,VINFAM0006250022008,Minivan,2008,,active
2,FAM000964,VINFAM0009640022002,Coupe,2002,,active
2,FAM000135,VINFAM0001350022002,Hatchback,2002,,removed
2,FAM000215,VINFAM00021522002,Coupe,2002,,active
2,FAM000156,VINFAM0001560022003,Crossover,2003,,active
2,FAM000323,VINFAM0003230022015,Crossover,2015,,active
2,FAM000444,VINFAM0004440022018,Wagon,2018,,active
2,FAM001083,VINFAM0010830022012,Convertible,2012,,active
2,FAM000646,VINFAM0006460022009,Sedan,2009,,active
2,FAM000673,VINFAM0006730022010,Wagon,2010,,active
2,FAM000690,VINFAM0006900022017,Truck,2017,,active
2,FAM000111,VINFAM0001110022014,Hatchback,2014,,active
2,FAM000951,VINFAM00095122010,Hatchback,2010,,active
2,FAM000073,VINFAM0000730022012,SUV,2012,,active
2,FAM000253,VINFAM0002530022007,Convertible,2007,,active
2,FAM000695,VINFAM0006950022008,Sports Car,2008,,active
2,FAM000910,VINFAM0009100022013,SUV,2013,,active
3,FAM000522,VINFAM0005220032018,Sedan,2018,,active
2,FAM000612,VINFAM0006120022018,Truck,2018,,active
2,FAM000029,VINFAM0000290022015,Hatchback,2015,,active
2,FAM000553,VINFAM0005530022012,Coupe,2012,,active
2,FAM000451,VINFAM0004510022004,Sports Car,2004,,active
2,FAM000508,VINFAM0005080022011,Coupe,2011,,active
